AABB,
AABVF,
AACAF,
AACAY,
AACS,
AACTF,
AAEEF,
AAEH,
AAGC,
AAGH,
AAGIY,
AAIGF,
AAIIQ,
AAIR,
AAMAF,
AAMTF,
AAPH,
AAPJ,
AAPT,
AASP,
AAST,
AATDF,
AATRL,
AATV,
AAUKF,
AAVXF,
AAWC,
ABAKF,
ABBB,
ABBRF,
ABBY,
ABCAF,
ABCCF,
ABCE,
ABCFF,
ABCP,
ABCZF,
ABCZY,
ABEPF,
ABETF,
ABFOF,
ABGLF,
ABGOF,
ABGOY,
ABGSF,
ABHD,
ABHI,
ABIWF,
ABKB,
ABKI,
ABLT,
ABLYF,
ABLZF,
ABMBF,
ABMC,
ABMT,
ABNAF,
ABNK,
ABNRY,
ABPR,
ABQQ,
ABRTY,
ABSCF,
ABSOF,
ABSSF,
ABTO,
ABTZY,
ABVG,
ABWN,
ABZPF,
ABZPY,
ABZT,
ABZUF,
ACAN,
ACAR,
ACAVF,
ACAZF,
ACBC,
ACBCQ,
ACBD,
ACBFF,
ACCA,
ACCR,
ACCYY,
ACDSF,
ACDVF,
ACEYY,
ACEZ,
ACFL,
ACFN,
ACGBF,
ACGBY,
ACGI,
ACGPF,
ACGX,
ACHFF,
ACKAY,
ACKBF,
ACKDF,
ACKRF,
ACLLF,
ACLZ,
ACMB,
ACMC,
ACMTA,
ACNDF,
ACNFF,
ACNI,
ACNNF,
ACNV,
ACOL,
ACOPF,
ACPGF,
ACRB,
ACRFF,
ACRL,
ACRT,
ACRVF,
ACSAF,
ACSAY,
ACSSF,
ACTA,
ACTL,
ACUIF,
ACUR,
ACUS,
ACWRF,
ACXIF,
ADAC,
ADAD,
ADAT,
ADBCF,
ADCF,
ADCFD,
ADDC,
ADDDF,
ADDYY,
ADENF,
ADEXF,
ADFS,
ADFT,
ADGL,
ADGS,
ADHC,
ADHLF,
ADKT,
ADLI,
ADLS,
ADMT,
ADNY,
ADOCY,
ADOOY,
ADPAS,
ADPPF,
ADPXY,
ADRGF,
ADRNY,
ADRZY,
ADSV,
ADTFF,
ADTM,
ADTR,
ADVC,
ADVT,
ADVV,
ADWPF,
ADXDF,
ADXRF,
ADYNF,
AEBZY,
AEEI,
AEEX,
AEGG,
AEGOF,
AEGXF,
AEGY,
AELTF,
AEMC,
AENG,
AEOXF,
AEPT,
AERG,
AERN,
AERO,
AERS,
AETUF,
AEXAF,
AEXAY,
AEXE,
AEXFF,
AEYE,
AFAP,
AFBA,
AFBG,
AFCB,
AFFL,
AFFY,
AFGC,
AFGR,
AFGVF,
AFGVY,
AFLYY,
AFMJF,
AFOM,
AFPW,
AFQMF,
AFRAF,
AFRBY,
AFRMF,
AFRS,
AFTC,
AFTM,
AFYG,
AGCBF,
AGCCF,
AGCZ,
AGDXF,
AGDY,
AGESY,
AGFMF,
AGGFF,
AGGI,
AGGL,
AGGZF,
AGHC,
AGHEF,
AGHI,
AGIN,
AGLAF,
AGLDF,
AGLNF,
AGLNY,
AGMIF,
AGMJF,
AGNU,
AGOAF,
AGODY,
AGPDY,
AGPPF,
AGPYY,
AGRDF,
AGRNQ,
AGRPF,
AGRPY,
AGRS,
AGRUF,
AGSM,
AGSO,
AGSVF,
AGTEF,
AGTK,
AGTT,
AGUNF,
AGXKF,
AGXXF,
AGYP,
AHAG,
AHCHF,
AHCHY,
AHCP,
AHEXF,
AHEXY,
AHFCF,
AHFD,
AHFP,
AHGIF,
AHIX,
AHKSY,
AHNR,
AHODF,
AHOTF,
AHROQ,
AIABF,
AIAGF,
AIAGY,
AIBEF,
AIBRF,
AICAF,
AIDA,
AIFLY,
AIFS,
AIGI,
AIKO,
AILFQ,
AILIP,
AILLI,
AILLL,
AILLM,
AILLN,
AILLP,
AILQF,
AIMH,
AINSF,
AIOAF,
AIOCF,
AIOSF,
AIPUY,
AIQUF,
AIQUY,
AIRO,
AIRRF,
AIRW,
AIRYY,
AISSF,
AITB,
AITG,
AITVF,
AIVAF,
AIVI,
AIVN,
AIXN,
AIXXF,
AJBI,
AJINY,
AJMPF,
AJSB,
AJXGF,
AKABY,
AKBIY,
AKBLF,
AKBTY,
AKEJF,
AKKVF,
AKOM,
AKRFF,
AKRRF,
AKRTF,
AKVA,
AKZOF,
AKZOY,
ALAD,
ALAN,
ALARF,
ALBKF,
ALBKY,
ALBY,
ALCCF,
ALDA,
ALDDP,
ALDVF,
ALES,
ALFFF,
ALFVY,
ALGDF,
ALGGY,
ALGI,
ALGWF,
ALGXY,
ALHA,
ALIAF,
ALIF,
ALIZF,
ALKEF,
ALKM,
ALKN,
ALLM,
ALLQ,
ALLVF,
ALLWF,
ALLXD,
ALMC,
ALME,
ALMFF,
ALMMF,
ALMTF,
ALMY,
ALNPY,
ALOD,
ALPE,
ALPMF,
ALPMY,
ALPP,
ALPVN,
ALRS,
ALRT,
ALSMY,
ALSRF,
ALSSF,
ALST,
ALSWF,
ALTA,
ALTAF,
ALTKY,
ALTPF,
ALTX,
ALVLF,
ALVOF,
ALVRQ,
ALVVF,
ALXDF,
ALXEF,
ALXXF,
ALYE,
ALYI,
ALZTF,
AMADF,
AMADY,
AMAR,
AMAVF,
AMAZ,
AMBFD,
AMBK,
AMBKP,
AMBOY,
AMBS,
AMBTQ,
AMBZ,
AMCF,
AMCO,
AMCRF,
AMCRY,
AMCT,
AMEN,
AMEUF,
AMFC,
AMFE,
AMFL,
AMFPF,
AMGDF,
AMGGF,
AMGY,
AMHD,
AMHPF,
AMIGF,
AMIGY,
AMIN,
AMIQF,
AMIVF,
AMKAF,
AMKBF,
AMKBY,
AMLH,
AMLM,
AMLTF,
AMLYY,
AMLZF,
AMMJ,
AMMX,
AMNE,
AMNF,
AMNL,
AMNP,
AMNW,
AMOVF,
AMPG,
AMPLQ,
AMPY,
AMRR,
AMRZF,
AMSE,
AMSIY,
AMSLF,
AMSSY,
AMSYF,
AMTA,
AMTY,
AMVGF,
AMVMF,
AMWK,
AMXEF,
AMXVF,
AMYZF,
ANAS,
ANAV,
ANCE,
ANCSQ,
ANCTF,
ANCUF,
ANDC,
ANDD,
ANDGF,
ANDI,
ANDR,
ANEWF,
ANFC,
ANFGF,
ANGCF,
ANGGY,
ANGPY,
ANGUF,
ANIOY,
ANKOF,
ANLBF,
ANLDD,
ANLKY,
ANNIF,
ANNNC,
ANNSF,
ANPDF,
ANPDY,
ANPFF,
ANRCF,
ANSLF,
ANSLY,
ANSU,
ANTGF,
ANXGD,
ANXGF,
ANZBY,
ANZFF,
AOBI,
AOCIF,
AOGC,
AOIFF,
AOILQ,
AOLS,
AOMFF,
AONCF,
AONNY,
AOREF,
AOTOF,
AOUFF,
AOVTF,
AOXG,
AOXY,
AOZOY,
APAAF,
APAFF,
APAJF,
APCDF,
APCOF,
APCX,
APELY,
APEMY,
APEOF,
APEUF,
APGA,
APGI,
APGMF,
APHD,
APHDD,
APHE,
APHQF,
APHTF,
APLD,
APLL,
APLVF,
APMCF,
APMFF,
APNHF,
APNHY,
APNI,
APPG,
APPO,
APPZ,
APRAF,
APRCP,
APRDM,
APRDN,
APRDO,
APRDP,
APRE,
APRRF,
APRU,
APRWF,
APSI,
APTCF,
APTOF,
APTTF,
APTY,
APVS,
APYI,
APYP,
APYRF,
AQARF,
AQFH,
AQQRF,
AQQSQ,
AQSP,
AQSZF,
AQUI,
ARAFF,
ARAO,
ARBFF,
ARBI,
ARBU,
ARBV,
ARCAY,
ARCK,
ARCS,
ARCUF,
ARCVF,
AREM,
ARESF,
ARET,
ARFXF,
ARGB,
ARGEF,
ARGKF,
ARGL,
ARGXF,
ARGYF,
ARHH,
ARHN,
ARHTF,
ARHVF,
ARIOQ,
ARKAF,
ARKAY,
ARLUF,
ARME,
ARMZF,
ARNGF,
ARNH,
ARNI,
AROFF,
AROPQ,
AROSF,
ARPC,
ARPO,
ARRAF,
ARREF,
ARRHW,
ARRRF,
ARSC,
ARSEF,
ARSLF,
ARSMD,
ARSN,
ARST,
ARSUF,
ARTH,
ARTL,
ARTM,
ARTNB,
ARTR,
ARTTF,
ARUXF,
ARVY,
ARWD,
ARWJF,
ARXRF,
ARYC,
ARYMF,
ARYX,
ARZGF,
ARZGY,
ARZTF,
ARZTY,
ASAB,
ASAE,
ASAGF,
ASAZF,
ASAZY,
ASBFY,
ASBN,
ASBRF,
ASCBQ,
ASCC,
ASCCF,
ASCCY,
ASCJF,
ASCK,
ASCMB,
ASCN,
ASCS,
ASCW,
ASDRF,
ASDZF,
ASEJF,
ASEKY,
ASFJ,
ASFT,
ASFX,
ASFZ,
ASGLF,
ASGLY,
ASGTF,
ASGXF,
ASHG,
ASHTF,
ASHTY,
ASHXF,
ASIUQ,
ASKDD,
ASKDF,
ASKE,
ASKH,
ASKTF,
ASLEF,
ASLM,
ASLRF,
ASMIY,
ASMLF,
ASMVF,
ASMVY,
ASNB,
ASNHF,
ASNT,
ASNXF,
ASOE,
ASOLF,
ASOMF,
ASOMY,
ASOZY,
ASPT,
ASPW,
ASPXF,
ASPZ,
ASRAF,
ASRRF,
ASTI,
ASTO,
ASTVF,
ASUUY,
ASWRF,
ASXFF,
ASXFY,
ASXSF,
ASZP,
ATADF,
ATAR,
ATASF,
ATASY,
ATBA,
ATBEF,
ATBHF,
ATBPF,
ATBYF,
ATCD,
ATCH,
ATCMF,
ATCV,
ATDEF,
ATDRF,
ATDRY,
ATEA,
ATEYY,
ATGFF,
ATGI,
ATGN,
ATGSY,
ATGVF,
ATGYF,
ATHC,
ATHJF,
ATHOF,
ATIG,
ATIN,
ATIXF,
ATLCY,
ATLDF,
ATLEF,
ATLGF,
ATLKF,
ATLKY,
ATLRF,
ATLS,
ATLT,
ATMO,
ATMS,
ATNP,
ATONF,
ATONY,
ATOXF,
ATPGQ,
ATPT,
ATPWF,
ATRBF,
ATRGF,
ATRM,
ATROB,
ATSAF,
ATTBF,
ATTLF,
ATURF,
ATUSF,
ATVDY,
ATVK,
ATVVF,
ATWT,
ATXDY,
ATXG,
ATXMF,
ATYG,
ATZAF,
AUCOY,
AUDVF,
AUEEF,
AUHEF,
AUIAF,
AUKNY,
AUKUF,
AULRF,
AUNB,
AUNFF,
AUNXF,
AURI,
AURM,
AURT,
AURX,
AUSDF,
AUSI,
AUSID,
AUSVF,
AUTLY,
AUTR,
AUVGF,
AUXXF,
AVACF,
AVBH,
AVCO,
AVCVF,
AVDX,
AVEVF,
AVEW,
AVFP,
AVGG,
AVIFY,
AVLIF,
AVLNF,
AVLP,
AVMXF,
AVMXY,
AVNBF,
AVNE,
AVNY,
AVOA,
AVOGF,
AVOI,
AVOP,
AVOZ,
AVPFF,
AVPI,
AVPMF,
AVRI,
AVRN,
AVRTF,
AVSFY,
AVSR,
AVTI,
AVTO,
AVVH,
AVVIY,
AVXT,
AVYAW,
AWAEF,
AWAW,
AWCMF,
AWCMY,
AWEB,
AWGI,
AWGL,
AWLCF,
AWNE,
AWON,
AWRRF,
AWSI,
AWSL,
AWTRF,
AWWEF,
AWWI,
AXAHF,
AXAHY,
AXCG,
AXCP,
AXDDF,
AXDRF,
AXELF,
AXGC,
AXHLF,
AXIIF,
AXIM,
AXIO,
AXLE,
AXLX,
AXMIF,
AXMM,
AXMP,
AXNVF,
AXPW,
AXRAW,
AXREF,
AXRX,
AXTG,
AXTLF,
AXVEF,
AXXDF,
AYALY,
AYSI,
AYTUW,
AYTUZ,
AYYBF,
AYYLF,
AZASF,
AZBCF,
AZFL,
AZGFF,
AZGSQ,
AZIHF,
AZIHY,
AZKLF,
AZLCZ,
AZLLF,
AZMTF,
AZNCF,
AZRH,
AZRMF,
AZRTF,
AZSEY,
AZTEF,
AZUMF,
AZURF,
AZZEF,
AZZTF,
AZZVF,
BABB,
BABL,
BABWF,
BACHF,
BACHY,
BADFF,
BAESF,
BAESY,
BAFBF,
BAFYY,
BAJFF,
BAKPF,
BALMF,
BAMXF,
BANI,
BANJ,
BAOB,
BAOGF,
BARZ,
BASFY,
BASWW,
BAYK,
BAYN,
BAYP,
BAYRY,
BAYZF,
BBAGF,
BBAL,
BBAVF,
BBAVY,
BBBK,
BBDA,
BBEPQ,
BBGP,
BBKCF,
BBLG,
BBLKF,
BBLS,
BBPPQ,
BBRYF,
BBSEY,
BBSRF,
BBUCQ,
BBVXF,
BBXTB,
BCAL,
BCAP,
BCAUF,
BCAUY,
BCBF,
BCBHF,
BCCEF,
BCCI,
BCCLF,
BCDA,
BCDMF,
BCDRF,
BCEKF,
BCGOF,
BCHEY,
BCII,
BCKIF,
BCKIY,
BCLYF,
BCML,
BCMXY,
BCNAY,
BCND,
BCNN,
BCRMF,
BCTXF,
BCUCF,
BCUFF,
BCYIF,
BCYP,
BDCI,
BDCM,
BDCO,
BDGR,
BDGSF,
BDGXF,
BDIC,
BDIMF,
BDMS,
BDNHF,
BDNNF,
BDORY,
BDOUY,
BDPT,
BDRAF,
BDRBF,
BDREF,
BDRFF,
BDRFY,
BDRPF,
BDRXF,
BDVB,
BDVSF,
BDVSY,
BDWYF,
BEBE,
BEEI,
BEEN,
BEES,
BEGI,
BEHL,
BEIJF,
BELDF,
BEMG,
BENGF,
BENZF,
BEOB,
BEPTF,
BERI,
BERK,
BESE,
BESIY,
BESNQ,
BESVF,
BETSD,
BETW,
BEUT,
BEVFF,
BEVS,
BEVVF,
BEWFF,
BFCH,
BFDRF,
BFEHF,
BFET,
BFFAF,
BFFI,
BFFTF,
BFGC,
BFGIF,
BFHJ,
BFLBF,
BFLBY,
BFMC,
BFNC,
BFNH,
BFRE,
BFTI,
BFTL,
BFWWF,
BGAOY,
BGAVF,
BGEM,
BGEPF,
BGES,
BGFT,
BGHM,
BGKKF,
BGMD,
BGMZF,
BGOPF,
BGOUF,
BGRP,
BGUUF,
BHDB,
BHHKF,
BHHOF,
BHKLY,
BHLL,
BHMDF,
BHOOY,
BHPBF,
BHPLF,
BHRB,
BHTG,
BHWB,
BIAD,
BIBLF,
BICB,
BICEF,
BICEY,
BICX,
BIEI,
BIEL,
BIGG,
BIIO,
BIMUF,
BINHF,
BIOA,
BIOAF,
BIOGY,
BIONQ,
BIOQ,
BIOYF,
BIPH,
BIRDF,
BIREF,
BIRMF,
BISA,
BITCF,
BITFY,
BITRF,
BITTF,
BIVI,
BJCHF,
BJCHY,
BJINY,
BJURF,
BJWTF,
BKAHF,
BKBEF,
BKBFF,
BKCT,
BKCYF,
BKDCF,
BKEAF,
BKEAY,
BKEN,
BKESF,
BKESY,
BKFCF,
BKFG,
BKGFF,
BKGFY,
BKGMF,
BKHRF,
BKHYY,
BKIMF,
BKIRF,
BKIT,
BKKLY,
BKKN,
BKKPF,
BKLLF,
BKLRF,
BKMNF,
BKMP,
BKNIY,
BKOR,
BKPPF,
BKQNF,
BKQNY,
BKRIF,
BKRIY,
BKRKF,
BKRKY,
BKRRF,
BKSD,
BKSLF,
BKTPF,
BKUCF,
BKUH,
BKUHD,
BKUT,
BKUTK,
BLAIF,
BLBDW,
BLBX,
BLCK,
BLDV,
BLEVF,
BLFR,
BLGI,
BLGO,
BLGVF,
BLHK,
BLIAQ,
BLIBQ,
BLKCF,
BLKG,
BLKLF,
BLKPF,
BLLAF,
BLLAY,
BLLB,
BLLI,
BLLZ,
BLMC,
BLMIF,
BLNKF,
BLONF,
BLOZF,
BLPG,
BLRZF,
BLSFF,
BLSFY,
BLSP,
BLSSF,
BLTA,
BLTO,
BLUBF,
BLUNY,
BLUSF,
BLUU,
BLXX,
BLZSF,
BMBLF,
BMBN,
BMBOY,
BMCS,
BMDLF,
BMDPF,
BMDPY,
BMGP,
BMIN,
BMIX,
BMKDF,
BMLWF,
BMMCF,
BMMJ,
BMNM,
BMOOF,
BMRK,
BMRMF,
BMRPF,
BMRRY,
BMSN,
BMSPF,
BMTM,
BMWYY,
BMXC,
BMXI,
BMXMF,
BMYMP,
BNCC,
BNCDY,
BNCM,
BNDSF,
BNDSY,
BNEFF,
BNET,
BNGLF,
BNGRF,
BNGYF,
BNIKF,
BNKHF,
BNKL,
BNKPF,
BNKXF,
BNNLF,
BNOEF,
BNPQF,
BNPQY,
BNPUF,
BNRJF,
BNTGF,
BNTGY,
BNTRF,
BNXR,
BNYN,
BNZZW,
BOALF,
BOALY,
BOARF,
BOGMF,
BOIRF,
BOIVF,
BOKGY,
BOLB,
BOLC,
BOLYY,
BOMBF,
BOMXF,
BONL,
BONT,
BONTQ,
BONU,
BONXF,
BONZ,
BOPFF,
BOREF,
BORK,
BORT,
BORUF,
BOSSY,
BOTH,
BOTRF,
BOTX,
BOTY,
BOUYF,
BOWFF,
BOYAF,
BOZTY,
BOZZ,
BPAQF,
BPCGF,
BPCOF,
BPCP,
BPESY,
BPHLF,
BPIGF,
BPIRD,
BPIRF,
BPMI,
BPMUF,
BPOL,
BPOPO,
BPOPP,
BPOSY,
BPPPF,
BPRMF,
BPSR,
BPUZF,
BPXXY,
BPZZF,
BQCNF,
BRAV,
BRBI,
BRBMF,
BRBOF,
BRBS,
BRBW,
BRCOQ,
BRDCF,
BRDCY,
BRDYF,
BRER,
BREUF,
BRFH,
BRFRF,
BRGC,
BRGO,
BRGRF,
BRJYF,
BRKCF,
BRKK,
BRLAF,
BRLXF,
BRMR,
BRMSY,
BRNE,
BRNGF,
BRNW,
BROE,
BRPIF,
BRQSW,
BRRAY,
BRRE,
BRRGF,
BRRP,
BRSE,
BRSGF,
BRSI,
BRSLF,
BRTE,
BRTHY,
BRTI,
BRTX,
BRUZF,
BRVO,
BRVVF,
BRYAF,
BRYFF,
BRYN,
BRZL,
BRZV,
BSCA,
BSDGF,
BSDGY,
BSEAF,
BSEFY,
BSEG,
BSEM,
BSGC,
BSGM,
BSHF,
BSHI,
BSHVF,
BSMZF,
BSND,
BSPA,
BSPK,
BSRAF,
BSRC,
BSSC,
BSSP,
BSSY,
BSTBF,
BSTG,
BSTK,
BSTN,
BSTO,
BSYBF,
BSYI,
BTAFF,
BTBIF,
BTCS,
BTCY,
BTDG,
BTDPF,
BTEAF,
BTFL,
BTGGF,
BTGI,
BTGOF,
BTHCF,
BTHE,
BTHR,
BTHT,
BTKGF,
BTLCY,
BTLLF,
BTLN,
BTOHF,
BTOOY,
BTOP,
BTOW,
BTSC,
BTSGF,
BTSGY,
BTSR,
BTTUF,
BTVCF,
BTVCY,
BTZO,
BUDFF,
BUDZ,
BUHPF,
BUKS,
BUNM,
BURBY,
BURCA,
BURCB,
BVBC,
BVDRF,
BVERS,
BVFL,
BVILF,
BVILY,
BVLDF,
BVNKF,
BVNRY,
BVPFF,
BVPIF,
BVRDF,
BVTEF,
BVTK,
BVTLF,
BWEL,
BWLLF,
BWLVF,
BWMG,
BWMXF,
BWNAF,
BWOWF,
BWSOF,
BWTL,
BWTX,
BWVI,
BXBLY,
BXLC,
BXNG,
BXRBF,
BXRDF,
BXTMF,
BYAGF,
BYCBF,
BYDDF,
BYDDY,
BYDIF,
BYLB,
BYLOF,
BYOC,
BYPLF,
BYRG,
BYROF,
BYSD,
BYSWF,
BYTRF,
BZDLF,
BZLFF,
BZLFY,
BZLYF,
BZQIF,
BZQIY,
BZTG,
BZYR,
BZZUY,
CABB,
CABF,
CABGY,
CABJF,
CACH,
CADIF,
CADNF,
CAFI,
CAFS,
CAGDF,
CAGU,
CAHI,
CAHPF,
CAIB,
CAIXY,
CAJFF,
CAJSW,
CAKFY,
CALB,
CALEF,
CALW,
CALZF,
CAMCF,
CAMDF,
CAMG,
CAMZF,
CANB,
CANJ,
CANL,
CANN,
CANOF,
CANSF,
CANWF,
CAOHF,
CAOVF,
CAOVY,
CAPA,
CAPB,
CAPC,
CAPMF,
CAPP,
CAPS,
CAPV,
CARCF,
CARE,
CASDY,
CASG,
CATG,
CATPF,
CATV,
CAUZF,
CAVR,
CAWLF,
CAZGF,
CBAF,
CBAI,
CBAOF,
CBAUF,
CBBB,
CBBC,
CBBHF,
CBBI,
CBBLF,
CBBT,
CBBWF,
CBCA,
CBCFF,
CBCO,
CBCPQ,
CBCYB,
CBCZ,
CBDEF,
CBDG,
CBDS,
CBEEF,
CBEV,
CBEX,
CBGDF,
CBGH,
CBGI,
CBGPF,
CBGPY,
CBHMF,
CBIA,
CBIS,
CBKLP,
CBKM,
CBKPP,
CBKW,
CBLLF,
CBLRF,
CBLUY,
CBMJ,
CBNC,
CBOF,
CBRI,
CBRSF,
CBSC,
CBSU,
CBULF,
CBUMY,
CBWA,
CBWBF,
CBWTF,
CBYAA,
CBYDF,
CBYI,
CCAJ,
CCAN,
CCAOF,
CCARF,
CCBC,
CCCCF,
CCCGF,
CCCGY,
CCCI,
CCCMF,
CCDBF,
CCEDF,
CCEGF,
CCEL,
CCFH,
CCFN,
CCGDF,
CCGGY,
CCGI,
CCGM,
CCGN,
CCGY,
CCHBF,
CCHGY,
CCJMF,
CCLAF,
CCLAY,
CCLRU,
CCLX,
CCMB,
CCMS,
CCNB,
CCNCF,
CCNI,
CCOEF,
CCOEY,
CCOHF,
CCOHY,
CCOJY,
CCOM,
CCON,
CCOP,
CCORF,
CCOXF,
CCOZF,
CCPR,
CCRGF,
CCRK,
CCSB,
CCTC,
CCTL,
CCTR,
CCTXF,
CCVAJ,
CCVS,
CCWF,
CCYG,
CCYPQ,
CCYY,
CDARF,
CDBMF,
CDBT,
CDCH,
CDDRF,
CDELF,
CDEVY,
CDGLF,
CDGLY,
CDGXF,
CDGXY,
CDIF,
CDIIQ,
CDIX,
CDKG,
CDNAF,
CDNMF,
CDNN,
CDNO,
CDPYF,
CDRL,
CDSAF,
CDSG,
CDTAF,
CDUAF,
CDVIQ,
CDWD,
CDXI,
CDYCF,
CEAI,
CEBTF,
CEBUY,
CEENF,
CEFB,
CEFC,
CEFLF,
CEGX,
CEHD,
CEKFF,
CELTF,
CELX,
CELZ,
CEOHF,
CEOPF,
CEOS,
CEQXF,
CERGF,
CERPQ,
CESDF,
CESDY,
CESTF,
CESX,
CETEF,
CETY,
CEUMF,
CEVE,
CEVIF,
CEVIY,
CEXE,
CEXPF,
CFCX,
CFDB,
CFED,
CFEGF,
CFFMF,
CFGMF,
CFGX,
CFIC,
CFIGY,
CFNB,
CFNCF,
CFOK,
CFPUF,
CFPZF,
CFRHF,
CFRI,
CFRLF,
CFRUY,
CFST,
CFSU,
CFTLF,
CFTN,
CFWFF,
CFXTF,
CGAAY,
CGAC,
CGACD,
CGASY,
CGBBW,
CGBLF,
CGCO,
CGDI,
CGDL,
CGDXF,
CGEAF,
CGEI,
CGEKF,
CGEM,
CGEMY,
CGFEF,
CGFI,
CGGGF,
CGGJF,
CGHC,
CGHLY,
CGHOF,
CGIFF,
CGIUF,
CGLD,
CGLDF,
CGMBF,
CGMLF,
CGNH,
CGOOF,
CGPZF,
CGRA,
CGRIF,
CGRW,
CGTFF,
CGUD,
CGUSY,
CGXEF,
CGYG,
CGYV,
CHAA,
CHAG,
CHAM,
CHBAY,
CHBH,
CHBU,
CHCC,
CHCLY,
CHCR,
CHDGF,
CHDRY,
CHEOF,
CHEOY,
CHEXF,
CHFFF,
CHFFY,
CHFHY,
CHFI,
CHFR,
CHGCF,
CHGCY,
CHGI,
CHGS,
CHGT,
CHHCF,
CHHE,
CHHHF,
CHHL,
CHIF,
CHIT,
CHJI,
CHJTF,
CHKDG,
CHKDP,
CHKGF,
CHKIF,
CHKVP,
CHLE,
CHLKF,
CHLO,
CHMD,
CHME,
CHMJF,
CHMN,
CHMP,
CHMR,
CHNC,
CHNGQ,
CHNO,
CHNUF,
CHOB,
CHOLF,
CHOLY,
CHOOF,
CHOPF,
CHPE,
CHPGF,
CHPRF,
CHPXF,
CHRI,
CHRRF,
CHRYY,
CHSH,
CHSO,
CHSYF,
CHTM,
CHUBB,
CHUEF,
CHUM,
CHVKF,
CHWE,
CHWTF,
CHWWF,
CHXIF,
CHXMD,
CHYCY,
CHYHY,
CHYL,
CHZP,
CIADY,
CIAU,
CIBEY,
CIBG,
CIBH,
CIBN,
CICC,
CICHF,
CICHY,
CICN,
CICOF,
CICOY,
CIEIQ,
CIEZF,
CIFAF,
CIFHY,
CIHHF,
CIHKY,
CIIG,
CIIHY,
CIIT,
CIIX,
CILJF,
CIMDF,
CIND,
CINGF,
CIOXY,
CIVS,
CIWT,
CIWV,
CIXPF,
CJCFF,
CJEWF,
CJEWY,
CJPRY,
CJREF,
CKFC,
CKHGY,
CKHUF,
CKHUY,
CKISY,
CKNHF,
CKNQP,
CKNTF,
CKOCF,
CKSNF,
CKTM,
CKVLF,
CLASF,
CLAT,
CLAYF,
CLCGY,
CLCL,
CLCN,
CLCS,
CLDB,
CLDCF,
CLDS,
CLEV,
CLFMF,
CLGMF,
CLGPF,
CLHI,
CLHRF,
CLIFF,
CLIRF,
CLIS,
CLKA,
CLKFF,
CLKKF,
CLKTF,
CLLDF,
CLLDY,
CLLXF,
CLLZF,
CLMPF,
CLNFF,
CLNP,
CLNXF,
CLOK,
CLOVF,
CLOW,
CLPBF,
CLPBY,
CLPHF,
CLPHY,
CLPXF,
CLPXY,
CLRI,
CLRN,
CLRYF,
CLSH,
CLSI,
CLSK,
CLSZF,
CLTH,
CLTS,
CLTY,
CLVFA,
CLVLF,
CLVLY,
CLVSF,
CLWA,
CLWD,
CLWY,
CLYXF,
CLZNF,
CLZNY,
CMAFF,
CMAKY,
CMAUF,
CMBPF,
CMBXF,
CMCI,
CMCLF,
CMCXF,
CMDRF,
CMDXF,
CMETF,
CMFO,
CMFP,
CMFV,
CMGGF,
CMGHF,
CMGHY,
CMGO,
CMHFF,
CMHHF,
CMHHY,
CMHXF,
CMICF,
CMIT,
CMKI,
CMLEF,
CMLGF,
CMLSQ,
CMLSW,
CMMDF,
CMMMF,
CMOPF,
CMOT,
CMOXF,
CMPD,
CMPGF,
CMPGY,
CMPNF,
CMPRF,
CMPWW,
CMRB,
CMRO,
CMRZF,
CMSQF,
CMSQY,
CMTDF,
CMTOY,
CMTSY,
CMTV,
CMTX,
CMUV,
CMVLF,
CMWAY,
CMXC,
CMXHF,
CMXX,
CMYF,
CNAB,
CNAF,
CNBB,
CNBL,
CNBV,
CNBW,
CNBX,
CNBZ,
CNCG,
CNCK,
CNCN,
CNCT,
CNDCF,
CNDGF,
CNDL,
CNENF,
CNER,
CNGA,
CNGFF,
CNGGF,
CNHA,
CNHC,
CNHL,
CNIG,
CNIGP,
CNKEF,
CNLHN,
CNLHO,
CNLK,
CNLPL,
CNLPM,
CNLTL,
CNLTN,
CNLTP,
CNMVF,
CNMXF,
CNNA,
CNNB,
CNND,
CNNEF,
CNNRF,
CNOBF,
CNPAY,
CNPPF,
CNPRF,
CNPWM,
CNPWP,
CNRAF,
CNRD,
CNRFF,
CNRIF,
CNRMF,
CNRR,
CNSNF,
CNSUF,
CNSWF,
CNSZF,
CNTE,
CNTHN,
CNTHO,
CNTHP,
CNTO,
CNTTF,
CNTWW,
CNUCF,
CNVT,
CNVVF,
CNVVY,
CNWHF,
CNWT,
CNXAF,
CNXR,
CNXS,
CNYCF,
CNZCF,
COBAF,
COBI,
COCBF,
COCM,
COCP,
COCPD,
CODAF,
CODEF,
CODGF,
CODYY,
COECF,
COETF,
COFS,
COGLF,
COGV,
COGZF,
COHG,
COHO,
COIHF,
COIHY,
COIL,
COLAY,
COLDF,
COLFF,
COLUF,
COMX,
CONC,
COPRF,
CORG,
CORMF,
CORVF,
COSG,
COSGD,
COSLF,
COSM,
COTE,
COTQF,
COUV,
COVTY,
COWI,
COWP,
COYNQ,
COYWQ,
CPADF,
CPAI,
CPAMF,
CPBLF,
CPCAY,
CPDU,
CPEU,
CPFXF,
CPHRF,
CPIHF,
CPKA,
CPKF,
CPKPF,
CPKPY,
CPLT,
CPMD,
CPMMF,
CPNFF,
CPNVF,
CPOKY,
CPOW,
CPPD,
CPPKF,
CPPMF,
CPPXF,
CPQHF,
CPQQ,
CPSL,
CPSO,
CPTFF,
CPTP,
CPVNF,
CPWHF,
CPWIF,
CPWR,
CPWY,
CPXGF,
CPXP,
CPXWF,
CPYT,
CPYYF,
CPYYY,
CQRLF,
CRARF,
CRARY,
CRBJF,
CRBJY,
CRCL,
CRCUF,
CRCW,
CRDAD,
CRDAF,
CREAF,
CRECF,
CREJF,
CREQF,
CRERF,
CREX,
CRFQF,
CRFU,
CRGE,
CRGGF,
CRGP,
CRGS,
CRHCF,
CRHKY,
CRIUF,
CRJI,
CRKT,
CRLFF,
CRLI,
CRLKP,
CRLRQ,
CRMBQ,
CRMK,
CRMLF,
CRMZ,
CRNCY,
CRNRF,
CROJF,
CROL,
CROMF,
CROOF,
CRPE,
CRPGF,
CRPJF,
CRPJY,
CRPOF,
CRPYF,
CRQDF,
CRQE,
CRRFY,
CRRLF,
CRRRF,
CRRSQ,
CRRTF,
CRRVF,
CRSB,
CRSM,
CRSS,
CRSWF,
CRSXF,
CRTG,
CRTIF,
CRTL,
CRTN,
CRTSF,
CRUCF,
CRUOF,
CRUUF,
CRVH,
CRVW,
CRWFF,
CRWG,
CRWOF,
CRWOY,
CRWRF,
CRWTF,
CRXIF,
CRXM,
CRXXF,
CRYO,
CRZBF,
CRZBY,
CRZY,
CSAX,
CSAY,
CSBB,
CSBI,
CSCMY,
CSDXF,
CSEAF,
CSFFF,
CSFSF,
CSGH,
CSGKF,
CSGU,
CSHB,
CSHEF,
CSHX,
CSIOF,
CSIOY,
CSKL,
CSLI,
CSLLY,
CSNVF,
CSNVY,
CSOC,
CSOL,
CSPGF,
CSQPF,
CSQSY,
CSRH,
CSRLF,
CSRMY,
CSRNF,
CSSI,
CSSOF,
CSSPF,
CSSV,
CSSXF,
CSTI,
CSTNL,
CSTPF,
CSTU,
CSTW,
CSUAY,
CSUNY,
CSUWF,
CSVI,
CSXXY,
CSYJF,
CSYS,
CTAGF,
CTAGY,
CTAIF,
CTAM,
CTBG,
CTBK,
CTBO,
CTCC,
CTCK,
CTDH,
CTDT,
CTEQF,
CTGO,
CTGSP,
CTLE,
CTMCF,
CTMIF,
CTMLF,
CTNI,
CTNR,
CTNXF,
CTON,
CTOP,
CTORF,
CTPCF,
CTPCY,
CTPMF,
CTPNF,
CTPPO,
CTPR,
CTPZY,
CTROF,
CTRRF,
CTRYF,
CTRYY,
CTTAF,
CTTAY,
CTTC,
CTTH,
CTTMF,
CTTQF,
CTUNF,
CTUY,
CTVEF,
CTVIF,
CTWSP,
CTXDF,
CTXV,
CTYP,
CUAEF,
CUAU,
CUBV,
CUCSF,
CUGCY,
CUII,
CUIRF,
CUKPF,
CULL,
CUPUF,
CURM,
CURN,
CURR,
CUSI,
CUUHF,
CUYTF,
CUYTY,
CVALF,
CVAS,
CVAT,
CVHIF,
CVHL,
CVHSY,
CVNZF,
CVONF,
CVOVQ,
CVSC,
CVSI,
CVST,
CVTPF,
CVVIF,
CVVTF,
CVVUF,
CWAFF,
CWBK,
CWEGF,
CWFNF,
CWGL,
CWGRP,
CWGYF,
CWID,
CWIR,
CWLDF,
CWLPF,
CWMCF,
CWMZF,
CWNOF,
CWNR,
CWPS,
CWPWF,
CWSRF,
CWSS,
CWTC,
CWXZF,
CWYCF,
CWYCY,
CWYUF,
CXBMF,
CXBS,
CXCQ,
CXDO,
CXEE,
CXMSF,
CXSNF,
CXXMF,
CYAP,
CYBA,
CYBD,
CYBF,
CYBG,
CYBL,
CYBQF,
CYBQY,
CYCA,
CYDVF,
CYDY,
CYFL,
CYGIY,
CYHT,
CYIG,
CYIO,
CYJBF,
CYJBY,
CYLC,
CYLYF,
CYMBF,
CYMHF,
CYNS,
CYPE,
CYPJ,
CYPW,
CYRBY,
CYRLY,
CYRTF,
CYSM,
CYSNF,
CYSXF,
CYUR,
CYVF,
CYWDF,
CYXTF,
CZBC,
CZBS,
CZBT,
CZFS,
CZICF,
CZID,
CZMWF,
CZMWY,
CZNB,
CZSVF,
CZXMF,
DAAT,
DAIUF,
DALP,
DALXF,
DANOY,
DANR,
DASTF,
DASTY,
DATI,
DATWY,
DAUGF,
DAVC,
DAXXF,
DBCP,
DBDIF,
DBGF,
DBHSF,
DBHSY,
DBIN,
DBLVF,
DBMBF,
DBMG,
DBMM,
DBMXF,
DBOEF,
DBOEY,
DBOXF,
DBRM,
DBSDF,
DBSDY,
DBSHF,
DBVTF,
DCAC,
DCCPF,
DCDC,
DCGD,
DCHIY,
DCLT,
DCNPF,
DCNSF,
DCOHF,
DCSA,
DCTH,
DDAIF,
DDBXF,
DDDX,
DDEJF,
DDNFF,
DDRI,
DDRT,
DDXSQ,
DEAC,
DECN,
DECXF,
DEEL,
DEER,
DEITF,
DELAF,
DELRF,
DEMO,
DENI,
DENR,
DEQI,
DETNF,
DEWM,
DEWY,
DFCO,
DFCPF,
DFDDF,
DFEL,
DFHL,
DFIHY,
DFILF,
DFRYF,
DFTC,
DGCRF,
DGDCF,
DGDM,
DGEAF,
DGEN,
DGGXF,
DGIF,
DGIX,
DGJI,
DGLT,
DGMDF,
DGMLF,
DGMS,
DGNG,
DGNOF,
DGPIF,
DGRI,
DGRLY,
DGTW,
DGWR,
DHCC,
DHHXF,
DHKCF,
DIAAF,
DIALF,
DICCF,
DIDAY,
DIFTY,
DIGAF,
DIGI,
DIGP,
DIGTF,
DIGX,
DIIBF,
DIISY,
DIMC,
DIMN,
DINO,
DION,
DIPGF,
DIPGY,
DIRV,
DITHF,
DIZTF,
DJACF,
DJIFF,
DJXXF,
DKAM,
DKDRF,
DKGDF,
DKGH,
DKGR,
DKILF,
DKILY,
DKKGF,
DKSC,
DKTS,
DLAD,
DLAKF,
DLAKY,
DLCR,
DLGCF,
DLGEF,
DLGI,
DLGNF,
DLIAQ,
DLII,
DLKGF,
DLMAF,
DLMI,
DLMV,
DLNDY,
DLNO,
DLOC,
DLOV,
DLPM,
DLPTF,
DLPX,
DLRVF,
DLTA,
DLTI,
DLTZ,
DLUEY,
DLYT,
DMCAF,
DMCD,
DMCHY,
DMDA,
DMDD,
DMFG,
DMHI,
DMIFF,
DMKBA,
DMLRY,
DMMOD,
DMMOY,
DMNKF,
DMNXF,
DMPZF,
DMQHF,
DMSI,
DMSQ,
DMTGF,
DMZPY,
DNACF,
DNAD,
DNAX,
DNBHF,
DNCVF,
DNDDF,
DNDT,
DNFGF,
DNFGY,
DNGDF,
DNHBY,
DNIYY,
DNKEY,
DNLYF,
DNNGY,
DNPCF,
DNPLY,
DNPUF,
DNRG,
DNSKF,
DNTUF,
DNVB,
DNXWF,
DNZOF,
DNZOY,
DOCOF,
DOGEF,
DOLHF,
DOLLF,
DOMK,
DOMR,
DONFF,
DPAT,
DPBE,
DPDW,
DPFD,
DPGYF,
DPMLF,
DPRK,
DPSGY,
DPSI,
DPSM,
DPSTF,
DPTLF,
DPUKY,
DPWW,
DPZUF,
DQJCY,
DRDGF,
DRETF,
DREUF,
DREXF,
DRGDF,
DRGN,
DRGV,
DRIFF,
DRKOF,
DRLDF,
DRNE,
DRNG,
DRNK,
DROP,
DRRSF,
DRSHF,
DRSV,
DRSX,
DRTGF,
DRTTF,
DRUNF,
DRUS,
DRWIQ,
DRWN,
DRXGF,
DSCR,
DSCSY,
DSCVF,
DSDVY,
DSECF,
DSEEY,
DSFN,
DSGT,
DSHIF,
DSITF,
DSKIF,
DSKX,
DSKYF,
DSNKY,
DSNY,
DSOX,
DSRLF,
DSRRF,
DSTFF,
DSUS,
DTCWY,
DTEGF,
DTEGY,
DTEMF,
DTEV,
DTGI,
DTHR,
DTII,
DTLJF,
DTMXF,
DTNOF,
DTNOY,
DTRC,
DTRK,
DTRL,
DTRO,
DTSL,
DTSS,
DTST,
DTTLF,
DTTLY,
DTXMF,
DUCP,
DUERF,
DUFRY,
DUNDF,
DUOT,
DURYY,
DUTV,
DUVNF,
DUVT,
DVDCF,
DVDCY,
DVFI,
DVLN,
DVLP,
DVLY,
DVNGF,
DVNHF,
DVSPF,
DWAHY,
DWDZF,
DWHHF,
DWIS,
DWNX,
DWOG,
DWRKF,
DWTIF,
DWVYF,
DWWEF,
DXAEF,
DXIEF,
DXMEF,
DXSPF,
DXTR,
DYAI,
DYFSF,
DYLLF,
DYNE,
DYNR,
DYRFF,
DYSOF,
DYSOY,
EAATF,
EACC,
EACO,
EACR,
EADSF,
EADSY,
EAHGF,
EAIAF,
EAIN,
EANRF,
EAPH,
EARI,
EATOF,
EATR,
EAUI,
EAUSF,
EAWD,
EBBNF,
EBCDF,
EBCOY,
EBGUF,
EBKDY,
EBKOF,
EBML,
EBODF,
EBRPY,
EBSH,
EBYH,
ECAOF,
ECCE,
ECCI,
ECCTF,
ECDC,
ECDD,
ECDP,
ECEZ,
ECGI,
ECGR,
ECIA,
ECIFF,
ECIFY,
ECIGQ,
ECMH,
ECMT,
ECMXF,
ECNCF,
ECNRF,
ECOB,
ECOGF,
ECOP,
ECORF,
ECOS,
ECPCY,
ECPL,
ECPN,
ECPO,
ECRFF,
ECRO,
ECRTF,
ECSIF,
ECSL,
ECSNF,
ECTE,
ECTX,
ECYGF,
ECYWF,
EDDRF,
EDEYF,
EDIG,
EDMC,
EDNMY,
EDPFY,
EDRG,
EDRVF,
EDSFF,
EDTA,
EDTXF,
EDVMF,
EDWZF,
EDXC,
EDYYF,
EEDG,
EEGC,
EEGI,
EEIG,
EEMMF,
EESE,
EESH,
EEYMF,
EEYUF,
EFCSF,
EFFDF,
EFFI,
EFGSY,
EFIN,
EFIR,
EFLI,
EFLN,
EFLT,
EFLVF,
EFNCF,
EFOT,
EFRGF,
EFRMF,
EFRTF,
EFSG,
EFSI,
EFTB,
EFTI,
EGBB,
EGDCY,
EGDFF,
EGDW,
EGFEF,
EGFEY,
EGFHF,
EGIEY,
EGKLF,
EGKPF,
EGLTW,
EGMCF,
EGOC,
EGOH,
EGPLF,
EGRAF,
EGRGF,
EGRKH,
EGRKI,
EGRKM,
EGRNF,
EGRNY,
EGTK,
EGTYF,
EGXGW,
EGXP,
EGYF,
EHMEF,
EHOS,
EHSK,
EHVVF,
EIFZF,
EIHC,
EIHDF,
EIPAF,
EIPC,
EJPRF,
EJPRY,
EJTTF,
EKCS,
EKGGF,
EKPTF,
EKRNF,
EKSKF,
EKTAF,
EKTAY,
EKWX,
ELALF,
ELAMF,
ELAY,
ELCGF,
ELCR,
ELED,
ELEEF,
ELEZF,
ELFIF,
ELGL,
ELGSF,
ELIO,
ELKMF,
ELLKF,
ELLKY,
ELMA,
ELMTY,
ELNOF,
ELOX,
ELPQF,
ELPVY,
ELRA,
ELRE,
ELRFF,
ELRN,
ELRNF,
ELRRF,
ELSSF,
ELST,
ELTLF,
ELTP,
ELTZ,
ELUXF,
ELUXY,
ELVAF,
ELVAY,
ELXMF,
ELXPF,
ELXS,
ELYGF,
EMAV,
EMBA,
EMBR,
EMBYF,
EMCHF,
EMDF,
EMEPF,
EMEXF,
EMFGF,
EMGC,
EMGE,
EMHI,
EMHTF,
EMIS,
EMLAF,
EMLL,
EMMBF,
EMMD,
EMMLF,
EMMRF,
EMNC,
EMNSF,
EMON,
EMOR,
EMPK,
EMPM,
EMPO,
EMPR,
EMPS,
EMRAF,
EMRN,
EMRRF,
EMTC,
EMYB,
EMYSF,
ENAB,
ENAKF,
ENBBF,
ENBN,
ENBP,
ENCB,
ENCC,
ENCR,
ENCTF,
ENDGF,
ENDO,
ENDTF,
ENDV,
ENEAY,
ENEVY,
ENGA,
ENGFF,
ENGGF,
ENGGY,
ENGIY,
ENGQF,
ENGT,
ENGY,
ENHD,
ENHT,
ENIP,
ENKS,
ENLAY,
ENMGF,
ENMHF,
ENPRF,
ENPT,
ENQUF,
ENRFF,
ENRJP,
ENRT,
ENTB,
ENTCF,
ENTI,
ENTMF,
ENTWW,
ENUM,
ENUMQ,
ENVS,
ENZB,
ENZH,
ENZN,
EOGSF,
EOHDF,
EOMN,
EONGY,
EOPSF,
EOPT,
EORBF,
EORZ,
EOSC,
EOSGF,
EOSI,
EOSS,
EOXFF,
EPAZ,
EPCUF,
EPEO,
EPGC,
EPGG,
EPGL,
EPGNF,
EPGNY,
EPGRQ,
EPLYF,
EPOR,
EPRJF,
EPRSQ,
EPSC,
EPSEF,
EPSV,
EPTI,
EPXY,
EQGPF,
EQLB,
EQST,
EQTE,
EQTL,
EQTRF,
EQTXF,
EQUEY,
EQUI,
EQUR,
ERAO,
ERBA,
ERBB,
ERDCF,
ERELY,
EREPF,
ERFB,
ERFSF,
ERGO,
ERHE,
ERILF,
ERIXF,
ERKAF,
ERMAF,
ERMAY,
ERMG,
ERMS,
ERPNF,
ERRAF,
ERRCF,
ERRPF,
ERRSF,
ERUC,
ERVFF,
ESALF,
ESALY,
ESBS,
ESCC,
ESCRQ,
ESCSQ,
ESFS,
ESGI,
ESHDF,
ESIGF,
ESINQ,
ESKTF,
ESKYF,
ESLOF,
ESLOY,
ESLP,
ESMC,
ESNR,
ESOA,
ESOCF,
ESPAF,
ESPGY,
ESPH,
ESPIQ,
ESRG,
ESRI,
ESSE,
ESSI,
ESSYY,
ESVIF,
ESWW,
ESYJY,
ESYL,
ESZYF,
ETAH,
ETBI,
ETCC,
ETCIA,
ETCK,
ETCMY,
ETEK,
ETER,
ETFLF,
ETFM,
ETHOF,
ETII,
ETIVF,
ETKEF,
ETKR,
ETMLF,
ETNI,
ETOLF,
ETPHF,
ETRXF,
ETST,
ETTYF,
EUCTF,
EUENF,
EUIVF,
EUOT,
EURI,
EUSHF,
EUSHY,
EUSP,
EUTLF,
EUUNF,
EUXTF,
EVARF,
EVCC,
EVCI,
EVIO,
EVKIF,
EVLI,
EVLLF,
EVNVY,
EVOGF,
EVOTF,
EVRC,
EVRM,
EVRN,
EVRRF,
EVRT,
EVRZF,
EVSBY,
EVSI,
EVSNF,
EVSP,
EVSV,
EVTCY,
EVTI,
EVTN,
EVTZF,
EVUS,
EVVRF,
EVVTY,
EWCLF,
EWCR,
EWKS,
EWLL,
EWLU,
EWPMF,
EWRC,
EWSI,
EXBX,
EXCC,
EXCH,
EXCOF,
EXDW,
EXEO,
EXETF,
EXGI,
EXHI,
EXLA,
EXLLF,
EXMGF,
EXMT,
EXNT,
EXOXF,
EXPGF,
EXPGY,
EXPH,
EXPI,
EXPL,
EXPXF,
EXRG,
EXROF,
EXRTF,
EXSFF,
EXSO,
EXSR,
EXXAY,
EXXBF,
EXXRF,
EYMSM,
EYMSN,
EYTH,
EZCL,
EZEN,
EZIDF,
EZTD,
FABK,
FABP,
FABR,
FABU,
FAGI,
FAHLF,
FAIT,
FALC,
FAMDF,
FAME,
FANDY,
FANUF,
FANUY,
FARE,
FARYF,
FASDF,
FASV,
FAXRF,
FAXXF,
FBAK,
FBASF,
FBAYF,
FBBPF,
FBCD,
FBCE,
FBCI,
FBEC,
FBER,
FBIP,
FBMCF,
FBOHY,
FBOP,
FBPA,
FBPI,
FBPRL,
FBPRM,
FBPRN,
FBPRO,
FBPRP,
FBRKF,
FBSI,
FBTT,
FBVA,
FBVI,
FCBI,
FCBP,
FCCG,
FCCN,
FCCTP,
FCELB,
FCGD,
FCHS,
FCIC,
FCIT,
FCMGF,
FCMKF,
FCNCB,
FCNE,
FCNH,
FCOB,
FCODF,
FCPB,
FCREY,
FCRGF,
FCRM,
FCSMF,
FCTOA,
FCUUF,
FDBH,
FDBL,
FDCFF,
FDEI,
FDFT,
FDGMF,
FDGRF,
FDGRY,
FDHC,
FDIT,
FDMF,
FDMQF,
FDMQY,
FDMSF,
FDRVF,
FDTC,
FDVA,
FECCF,
FECOF,
FEEXF,
FEIFF,
FELTF,
FELTY,
FENX,
FEOVF,
FERGY,
FERN,
FETM,
FEWP,
FEXXF,
FFDF,
FFFC,
FFMGF,
FFMH,
FFMR,
FFNM,
FFPM,
FFRMF,
FFWC,
FFXDF,
FFXXF,
FFZY,
FGBDF,
FGCO,
FGELF,
FGFH,
FGLD,
FGNT,
FGOVF,
FGROF,
FGROY,
FGRRF,
FHAI,
FHBC,
FHGDF,
FHLB,
FHNIY,
FHRT,
FIBH,
FIDS,
FIEB,
FIEC,
FIFG,
FIIT,
FIND,
FINGF,
FINMF,
FINMY,
FINN,
FIOGF,
FIRRF,
FIRT,
FISB,
FISOF,
FITX,
FJHL,
FJTCY,
FJTNF,
FJTNY,
FJTSF,
FJTSY,
FKRAF,
FKWL,
FKYS,
FLAF,
FLCN,
FLCR,
FLEW,
FLIDF,
FLIDY,
FLKDF,
FLKI,
FLKKF,
FLLIY,
FLMP,
FLMTF,
FLMZF,
FLNA,
FLNCF,
FLPC,
FLRE,
FLSR,
FLSS,
FLST,
FLTDF,
FLTT,
FLUX,
FLWTF,
FLXGF,
FLXI,
FLXNF,
FLXP,
FLXT,
FLYBF,
FLYLF,
FMBE,
FMBL,
FMBM,
FMBN,
FMBV,
FMCB,
FMCC,
FMCCG,
FMCCH,
FMCCI,
FMCCJ,
FMCCK,
FMCCL,
FMCCM,
FMCCN,
FMCCO,
FMCCP,
FMCCS,
FMCCT,
FMCKI,
FMCKJ,
FMCKK,
FMCKL,
FMCKM,
FMCKN,
FMCKO,
FMCKP,
FMCQF,
FMCXF,
FMFG,
FMFP,
FMGXF,
FMIA,
FMNJ,
FMPR,
FMTNF,
FMXUF,
FMXVF,
FMYR,
FNAM,
FNBCQ,
FNCB,
FNCJF,
FNCSF,
FNCTF,
FNCX,
FNDM,
FNEC,
FNERF,
FNFI,
FNHI,
FNHM,
FNINF,
FNKLF,
FNLIF,
FNLPF,
FNMA,
FNMAG,
FNMAH,
FNMAI,
FNMAJ,
FNMAK,
FNMAL,
FNMAM,
FNMAN,
FNMAO,
FNMAP,
FNMAS,
FNMAT,
FNMFM,
FNMFN,
FNMFO,
FNNCF,
FNNGF,
FNNNF,
FNNZF,
FNON,
FNQQF,
FNRC,
FNRG,
FNRN,
FOEAF,
FOEAY,
FOJCF,
FOJCY,
FOLGF,
FONTF,
FONU,
FORC,
FORU,
FOSI,
FOSUF,
FOSUY,
FOSYF,
FOTB,
FOVSY,
FOYJ,
FPAFF,
FPAFY,
FPBF,
FPBK,
FPFI,
FPHHF,
FPLPY,
FPMI,
FPNUF,
FPOCF,
FPPP,
FPRGF,
FPSUF,
FPVD,
FPVTF,
FPWM,
FQCC,
FQVLF,
FQVTF,
FRAF,
FRAZ,
FRCEF,
FRCN,
FRCOF,
FRCOY,
FREED,
FREEF,
FREGP,
FREJN,
FREJO,
FREJP,
FREVS,
FRFC,
FRFFF,
FRFHF,
FRFS,
FRFXF,
FRGY,
FRHC,
FRHHF,
FRHLF,
FRHV,
FRIE,
FRIVF,
FRLF,
FRMA,
FRMB,
FRMC,
FRMO,
FROT,
FRPC,
FRRSF,
FRRVF,
FRRVY,
FRRZF,
FRSB,
FRSSF,
FRTD,
FRTN,
FRUTF,
FRXX,
FRZCF,
FRZT,
FSAM,
FSBS,
FSCR,
FSDK,
FSEI,
FSGB,
FSGCY,
FSHRF,
FSNR,
FSNT,
FSNUF,
FSNUY,
FSOYF,
FSPKF,
FSPM,
FSRL,
FSSLY,
FSSN,
FSTC,
FSUGY,
FSUMF,
FSVEF,
FSWA,
FTBYF,
FTDL,
FTEG,
FTGFF,
FTGI,
FTLF,
FTMDF,
FTMNF,
FTMR,
FTPLF,
FTPM,
FTSB,
FTSSF,
FTWS,
FTXP,
FUAIF,
FUAIY,
FUAPF,
FUBAF,
FUGI,
FUGMF,
FUIG,
FUJHF,
FUJHY,
FUJIF,
FUJIY,
FUJSF,
FULO,
FUPBY,
FURCF,
FURGF,
FUSZ,
FUTL,
FUTU,
FUUN,
FUWAY,
FVCB,
FVGCF,
FVPI,
FVRD,
FVRG,
FVTI,
FWDG,
FWEDF,
FWONB,
FWVB,
FXBY,
FXCNF,
FXCNY,
FXFLF,
FXLG,
FXNC,
FXRVF,
FXTGY,
FYMNF,
FYRTY,
FZMD,
FZRO,
GABA,
GABK,
GACR,
GAEC,
GAFL,
GAHC,
GAHD,
GAILF,
GALEW,
GALKF,
GALOF,
GALXF,
GAMN,
GANS,
GAPFF,
GARB,
GARPY,
GARQF,
GARWF,
GASE,
GASNY,
GATA,
GAWK,
GAYGF,
GAYMF,
GAZZF,
GBBFF,
GBBGF,
GBBT,
GBCS,
GBDX,
GBEN,
GBERF,
GBERY,
GBFL,
GBGD,
GBGDD,
GBHL,
GBHPF,
GBIM,
GBLBF,
GBLEF,
GBLHF,
GBLX,
GBNW,
GBNXF,
GBOE,
GBOOF,
GBOOY,
GBRIF,
GBRRF,
GBSN,
GBTC,
GBTZY,
GCAAF,
GCCO,
GCEH,
GCEI,
GCFB,
GCFFF,
GCGMF,
GCHK,
GCIN,
GCLL,
GCLMF,
GCLT,
GCPEF,
GCPL,
GCRIF,
GCTAF,
GCTAY,
GCWOF,
GDAR,
GDDFF,
GDGI,
GDGID,
GDLLF,
GDLNF,
GDMRF,
GDNDF,
GDNEF,
GDPEF,
GDQMF,
GDRZF,
GDSI,
GDVM,
GDVTZ,
GDXRF,
GDYMF,
GEAGF,
GEAGY,
GEAHF,
GEATF,
GEBHY,
GEBRF,
GECFF,
GEECF,
GEEPF,
GEGI,
GEGP,
GEGYF,
GEGYY,
GELGF,
GELV,
GELYF,
GELYY,
GEMNF,
GENGF,
GENX,
GEOR,
GEQU,
GERFF,
GERS,
GESI,
GETG,
GETH,
GETVF,
GEVI,
GEYI,
GFCJ,
GFGSF,
GFGU,
GFGY,
GFIOF,
GFKRF,
GFKSY,
GFMH,
GFNL,
GFOO,
GFOX,
GFRGF,
GFSZF,
GFSZY,
GGAZF,
GGDVF,
GGDVY,
GGGOF,
GGIFF,
GGII,
GGISF,
GGLR,
GGLT,
GGLXF,
GGNDF,
GGNPF,
GGRGF,
GGRN,
GGROU,
GGSM,
GGTHF,
GGWY,
GGXXF,
GHAV,
GHDS,
GHEU,
GHGUF,
GHHC,
GHIFF,
GHIL,
GHRI,
GHST,
GIDYL,
GIFLF,
GIGA,
GIGL,
GIGNF,
GIGNY,
GIKLY,
GILXF,
GIMU,
GIXEF,
GJNSY,
GJST,
GKDLF,
GKIT,
GKNGY,
GKNLY,
GKNNF,
GKPRF,
GKSGF,
GKTRF,
GLAE,
GLAPF,
GLAPY,
GLAXF,
GLBB,
GLBCF,
GLBH,
GLBKF,
GLBR,
GLBRF,
GLBXF,
GLCH,
GLCNF,
GLCO,
GLDFF,
GLDG,
GLDLF,
GLDMF,
GLDN,
GLDT,
GLEC,
GLFH,
GLFW,
GLGDF,
GLGI,
GLGLF,
GLKFF,
GLKIF,
GLLA,
GLLK,
GLMB,
GLNCY,
GLNNF,
GLNS,
GLOH,
GLPEF,
GLPEY,
GLPH,
GLPW,
GLRI,
GLRP,
GLTC,
GLUC,
GLUSF,
GLUX,
GLVMF,
GLWSF,
GLXZ,
GLYE,
GMALF,
GMBL,
GMBXF,
GMDMF,
GMDTF,
GMER,
GMET,
GMEV,
GMGI,
GMGSF,
GMHLF,
GMICF,
GMMNF,
GMND,
GMNI,
GMNTF,
GMOS,
GMOYF,
GMPW,
GMPXF,
GMRSF,
GMUAF,
GMUI,
GMVHF,
GMVI,
GMVMF,
GMVP,
GMWKF,
GMXAY,
GMXDF,
GMYYF,
GNBF,
GNBT,
GNCC,
GNCGF,
GNCGY,
GNCMB,
GNCP,
GNDIF,
GNFTF,
GNGBF,
GNGBY,
GNGR,
GNGXF,
GNGYF,
GNHAF,
GNID,
GNIN,
GNKWF,
GNLAF,
GNLKQ,
GNMSF,
GNNDY,
GNNSF,
GNOLF,
GNOW,
GNPG,
GNPT,
GNPWF,
GNRD,
GNRV,
GNTP,
GNTW,
GNWSF,
GNXP,
GNYPF,
GNZUF,
GODYF,
GOFF,
GOFPY,
GOGR,
GOGY,
GOHE,
GOIG,
GOLDF,
GOLHF,
GOLWF,
GOMRF,
GOOO,
GOOXF,
GOPH,
GORAF,
GOSY,
GOVB,
GOVX,
GPAGF,
GPDB,
GPDNF,
GPFOF,
GPFOY,
GPGC,
GPHBF,
GPHOF,
GPLB,
GPLS,
GPMCF,
GPNC,
GPNE,
GPOVF,
GPOVY,
GPRC,
GPSI,
GPTC,
GPTGF,
GPTRF,
GPTX,
GPVRF,
GPXM,
GQMNF,
GQMRF,
GRAS,
GRBMF,
GRCK,
GRCLF,
GRCO,
GRCU,
GRCV,
GRDGF,
GRDH,
GRDO,
GRDZF,
GREEF,
GREN,
GREW,
GRGG,
GRGNF,
GRGR,
GRHI,
GRJVF,
GRKZF,
GRLD,
GRLF,
GRLT,
GRMC,
GRMM,
GRMS,
GRMX,
GRNBF,
GRNE,
GRNH,
GRNNF,
GRNO,
GRNVF,
GROC,
GROG,
GROUF,
GRPAF,
GRPBF,
GRPEF,
GRPH,
GRPI,
GRPS,
GRPV,
GRRB,
GRRLF,
GRRMF,
GRSFF,
GRSO,
GRST,
GRSU,
GRUA,
GRVFF,
GRVVF,
GRVWF,
GRWC,
GRWG,
GRXXF,
GRYEF,
GRYN,
GRYO,
GRZG,
GSAC,
GSBX,
GSDC,
GSEFF,
GSET,
GSFD,
GSFVF,
GSGTF,
GSIH,
GSIL,
GSLO,
GSMGF,
GSML,
GSPE,
GSPH,
GSPI,
GSPT,
GSRX,
GSTB,
GSVI,
GSWTF,
GTAGF,
GTARF,
GTBDF,
GTBP,
GTCDF,
GTCP,
GTGDF,
GTGR,
GTGT,
GTHKF,
GTHP,
GTHR,
GTII,
GTLA,
GTLL,
GTMAY,
GTMEF,
GTMEY,
GTMIF,
GTMM,
GTNM,
GTOFF,
GTOMY,
GTPS,
GTRL,
GTRQ,
GTSO,
GTXO,
GUARY,
GUERF,
GUESF,
GUKYF,
GULRY,
GULSF,
GULTU,
GUNGF,
GUORY,
GUYFF,
GVCL,
GVCM,
GVDBF,
GVDI,
GVDNY,
GVFF,
GVSI,
GVXXF,
GVYB,
GWBU,
GWEFF,
GWIN,
GWIO,
GWLIF,
GWLLF,
GWLLY,
GWLOF,
GWMGF,
GWON,
GWOX,
GWPRF,
GWRRF,
GWSAF,
GWSO,
GWSVP,
GWTI,
GWTNF,
GWTR,
GXMLF,
GXOCF,
GXRFF,
GXSFF,
GXXM,
GXYEF,
GYGC,
GYNAF,
GYOG,
GYPHQ,
GYSLF,
GYSN,
GYST,
GYUAF,
GZDIF,
GZPFY,
GZPHF,
GZUHY,
HABC,
HABK,
HACBF,
HACBY,
HADV,
HAIPF,
HAITY,
HALB,
HALFF,
HALN,
HANNF,
HAON,
HARI,
HARL,
HAUP,
HAWEL,
HAWLI,
HAWLL,
HAWLM,
HAWLN,
HAWPF,
HAYPY,
HAZH,
HBAYF,
HBCYF,
HBEIF,
HBEXF,
HBGRY,
HBIA,
HBKRF,
HBNNF,
HBPCF,
HBRM,
HBSI,
HCBC,
HCBN,
HCBP,
HCCA,
HCCC,
HCEI,
HCFL,
HCGS,
HCHDF,
HCHMY,
HCKG,
HCLC,
HCMC,
HCMLF,
HCMLY,
HCTI,
HCTPF,
HCXLF,
HDELY,
HDGHF,
HDIH,
HDII,
HDIUF,
HDRSF,
HDSLF,
HDUGF,
HDUP,
HDVTY,
HDVW,
HDVY,
HDYNQ,
HEAT,
HEGIF,
HEGIY,
HEGLF,
HEINY,
HELOF,
HEMA,
HEME,
HEMP,
HENC,
HENGF,
HENGY,
HENI,
HENKY,
HENOF,
HENOY,
HEOFF,
HEOL,
HERB,
HERC,
HERXF,
HESAF,
HESAY,
HESG,
HEWA,
HEXEY,
HFBA,
HFBK,
HFGVF,
HFRN,
HGBL,
HGDPF,
HGEN,
HGGCF,
HGGGQ,
HGHAF,
HGHGF,
HGHN,
HGHRF,
HGKGY,
HGLC,
HGRVF,
HGYMF,
HHER,
HHGI,
HHHEF,
HHILF,
HHILY,
HHPHF,
HHSE,
HHSRF,
HHULF,
HHULY,
HHWW,
HIBE,
HIBRF,
HICKA,
HIHI,
HIMR,
HINKF,
HINOF,
HINOY,
HIPC,
HIPH,
HIRT,
HIRU,
HISEF,
HISJF,
HISP,
HITD,
HKBT,
HKEB,
HKHGF,
HKHHF,
HKHHY,
HKMPF,
HKMPY,
HKNI,
HKSHF,
HKTTF,
HKTTY,
HKTVY,
HKXCF,
HKXCY,
HLAN,
HLBYL,
HLBZF,
HLDCY,
HLDVF,
HLFDF,
HLFDY,
HLFN,
HLIX,
HLKHF,
HLKMF,
HLLGY,
HLLOF,
HLLPF,
HLLXF,
HLLY,
HLMAF,
HLND,
HLNFF,
HLPCF,
HLPPF,
HLPPY,
HLRD,
HLRTF,
HLSPY,
HLTEF,
HLTOY,
HLUKF,
HLUN,
HLUYY,
HLWD,
HLXW,
HLYK,
HMBH,
HMCBF,
HMDPF,
HMENF,
HMGN,
HMKTF,
HMLA,
HMLN,
HMLSF,
HMMR,
HMPPF,
HMPQ,
HMRRF,
HMRZF,
HMSNF,
HMSVF,
HMTC,
HMTF,
HMTLY,
HMTVW,
HMXZF,
HNCKF,
HNDAF,
HNDI,
HNET,
HNFSA,
HNFSB,
HNGFF,
HNGKY,
HNGR,
HNHPF,
HNLGY,
HNLMF,
HNNMY,
HNORY,
HNSBF,
HNTM,
HNUZF,
HOCFY,
HOCPF,
HOCPY,
HOFD,
HOILF,
HOKCF,
HOKCY,
HOKUQ,
HOLHF,
HOLL,
HONT,
HOOB,
HOPS,
HOTF,
HOWWF,
HOWWY,
HPGLY,
HPHTF,
HPHW,
HPIL,
HPMCF,
HPMM,
HPNN,
HPPI,
HPTG,
HPTO,
HPVBF,
HPYCF,
HQGE,
HRAA,
HRAL,
HRBK,
HRBR,
HRCR,
HRCXF,
HRDI,
HREEF,
HRELF,
HRELY,
HRGG,
HRGLF,
HRGLY,
HRLDF,
HRNNF,
HRRB,
HRTFF,
HRTT,
HRUFF,
HRVOF,
HRZCA,
HRZCB,
HRZSF,
HSBK,
HSCC,
HSCHF,
HSDT,
HSDTD,
HSFI,
HSITF,
HSNGF,
HSNGY,
HSPG,
HSQVY,
HSSHF,
HSTC,
HSTG,
HSXUF,
HTCMF,
HTCMY,
HTCO,
HTCTF,
HTDS,
HTHIF,
HTHIY,
HTHKY,
HTHL,
HTIC,
HTLZF,
HTPRF,
HTRC,
HTRRF,
HTSC,
HTSUY,
HTTI,
HTTTF,
HUABF,
HUDRF,
HUGE,
HUIHY,
HULCF,
HUMRF,
HUMT,
HUSIF,
HUSKF,
HUSQF,
HUTN,
HVBTF,
HVCW,
HVGDF,
HVRRF,
HVRRY,
HVYB,
HWAL,
HWDJF,
HWDJY,
HWEN,
HWIS,
HWKDF,
HWSY,
HWTFF,
HWTHF,
HWVI,
HXBM,
HXGBF,
HXGBY,
HXGCF,
HXPLF,
HYBE,
HYCT,
HYCTW,
HYDI,
HYEG,
HYFXF,
HYFXY,
HYHY,
HYII,
HYKUF,
HYMTF,
HYPF,
HYPMY,
HYPPF,
HYSNY,
HYSR,
HYSYF,
HYYDF,
HZBRF,
HZHI,
HZNB,
HZNFF,
HZNM,
HZNOF,
HZNQF,
HZNSF,
HZOZF,
HZTVF,
IAALF,
IAGX,
IAHL,
IAIC,
IALS,
IARSF,
IAUFF,
IAUGF,
IAUGY,
IAUS,
IBAL,
IBDRY,
IBDSF,
IBFL,
IBGH,
IBGR,
IBIBF,
IBRC,
IBSS,
IBTN,
IBXNF,
ICABF,
ICABY,
ICAGY,
ICAYY,
ICBT,
ICBU,
ICCLF,
ICCO,
ICGFF,
ICGL,
ICHGF,
ICHIF,
ICIZF,
ICLD,
ICLDD,
ICLDW,
ICLTF,
ICNB,
ICNM,
ICNN,
ICNVQ,
ICOA,
ICOTF,
ICPBF,
ICPVF,
ICPWQ,
ICRD,
ICTSF,
ICTV,
ICTY,
IDAD,
IDAH,
IDCBF,
IDCBY,
IDCN,
IDDR,
IDEA,
IDEXF,
IDEXY,
IDFB,
IDGBF,
IDGC,
IDGGW,
IDIG,
IDKOY,
IDLLF,
IDLM,
IDMMF,
IDND,
IDNG,
IDOI,
IDRSF,
IDTA,
IDTLF,
IDTVF,
IDTY,
IDVC,
IDVV,
IDWM,
IDXAF,
IEGCF,
IEGH,
IEHC,
IENT,
IESCF,
IESFY,
IEVM,
IFAM,
IFAN,
IFBC,
IFCZF,
IFGNF,
IFHR,
IFJPY,
IFLM,
IFNNF,
IFNNY,
IFNY,
IFRTF,
IFSB,
IFSPF,
IFSUF,
IFUE,
IFUS,
IFXY,
IGAMF,
IGAP,
IGCIW,
IGEN,
IGEX,
IGGGF,
IGGHY,
IGIFF,
IGLU,
IGMB,
IGNE,
IGNG,
IGNT,
IGOI,
IGPFF,
IGPG,
IGPK,
IGRU,
IGRW,
IGSC,
IGXT,
IHAI,
IHGOD,
IHGP,
IHHFF,
IHHHF,
IHHSF,
IHICY,
IHIHF,
IHIIF,
IHLDY,
IHLHF,
IHPCF,
IHRC,
IHREF,
IHRMF,
IHRT,
IHSFF,
IHSI,
IHSRF,
IHSZF,
IHTI,
IIBK,
IICN,
IIJIF,
IINX,
IIPZF,
IIREF,
IISLF,
IITOF,
IITSF,
IJJP,
IKSGY,
IKTO,
IKTSF,
IKTSY,
ILDO,
ILHMF,
ILIM,
ILIV,
ILKAF,
ILKAY,
ILNLF,
ILNS,
ILPMF,
ILST,
ILUS,
IMAHF,
IMASF,
IMASY,
IMBBF,
IMBBY,
IMCI,
IMEEF,
IMEXF,
IMGL,
IMHC,
IMIAF,
IMII,
IMJN,
IMJX,
IMLE,
IMLFF,
IMMD,
IMMG,
IMMPF,
IMMVF,
IMMZF,
IMNG,
IMPHO,
IMPHP,
IMPJY,
IMPUF,
IMPUY,
IMPZY,
IMQCF,
IMRSQ,
IMRTF,
IMSU,
IMTC,
IMTFF,
IMTL,
IMTS,
IMTV,
IMUN,
IMXCF,
INAR,
INBI,
INBP,
INCAF,
INCC,
INCKF,
INCM,
INCPY,
INCT,
INCZY,
INDOY,
INFG,
INFX,
INGGF,
INGIF,
INGIY,
INGVF,
INGXF,
INIS,
INITF,
INIX,
INKW,
INLX,
INMG,
INND,
INNI,
INNMF,
INNO,
INNV,
INNX,
INNZF,
INOH,
INOL,
INOTF,
INOW,
INPAP,
INPCF,
INPHQ,
INQD,
INRD,
INRLF,
INSEW,
INTHY,
INTK,
INTO,
INTP,
INTV,
INTWF,
INTZ,
INVI,
INVT,
INVU,
INVVY,
INWP,
INXSF,
IOBCF,
IOCJY,
IOFB,
IOFNF,
IOGID,
IOMT,
IONAF,
IOOXF,
IORG,
IOUFF,
IPAH,
IPATF,
IPCFF,
IPDQF,
IPGDF,
IPHYF,
IPIX,
IPLB,
IPLY,
IPMLF,
IPNFF,
IPOAF,
IPOOF,
IPPIF,
IPPLF,
IPPTF,
IPRC,
IPSEF,
IPSEY,
IPTK,
IPUB,
IPWG,
IPWLK,
IPWLO,
IPWLP,
IPXHY,
IPYYF,
IQEPF,
IRBL,
IRCC,
IRCKF,
IRCUF,
IRDDA,
IRDEF,
IREMF,
IRGIF,
IRIDQ,
IRIG,
IRLD,
IRLTF,
IRMGF,
IRMTF,
IRNC,
IRNG,
IRNRF,
IRPSY,
IRRRF,
IRRZF,
IRSB,
IRSHF,
IRVRF,
IRWPQ,
ISAPF,
ISARF,
ISBA,
ISBG,
ISBH,
ISCB,
ISCO,
ISDAY,
ISDJF,
ISDSF,
ISENF,
ISESF,
ISEXF,
ISEYF,
ISFFF,
ISGN,
ISHAF,
ISHFF,
ISHM,
ISHOF,
ISHPF,
ISLV,
ISMAY,
ISML,
ISNPY,
ISOL,
ISOLF,
ISPFF,
ISRB,
ISRCF,
ISRHF,
ISRIF,
ISRPF,
ISRUF,
ISRVF,
ISRWF,
ISRZF,
ISSDY,
ISSFF,
ISSHF,
ISSRF,
ISSSF,
ISUPF,
ISUZF,
ISUZY,
ISVFF,
ISVJF,
ISVJY,
ISVLF,
ISVPF,
ISXPF,
ITBFF,
ITCC,
ITCFY,
ITCJ,
ITDN,
ITEC,
ITEGY,
ITEPF,
ITEX,
ITHUF,
ITJTY,
ITKG,
ITKH,
ITKSF,
ITLL,
ITMC,
ITMCD,
ITMMF,
ITMPF,
ITMSF,
ITMTF,
ITNF,
ITNRF,
ITNS,
ITOCF,
ITOCY,
ITOEF,
ITOX,
ITPC,
ITPG,
ITPOF,
ITRK,
ITRO,
ITSXF,
ITTGF,
ITTOY,
ITUP,
ITVI,
ITVPF,
ITVPY,
IUSDF,
IUSPF,
IUTCF,
IUTSF,
IUYBF,
IVANF,
IVAP,
IVDA,
IVDN,
IVFH,
IVFZF,
IVINF,
IVITF,
IVIXF,
IVME,
IVOB,
IVOD,
IVPAF,
IVREF,
IVRO,
IVSBF,
IVST,
IVSXF,
IVTJF,
IVVVF,
IVWFF,
IWBB,
IWGFF,
IWMG,
IWSY,
IXOG,
IYXI,
IZIZF,
IZNN,
IZQVF,
JACO,
JADA,
JADG,
JADSF,
JAGGF,
JAGR,
JALA,
JALC,
JAMN,
JAMTF,
JANL,
JAPAF,
JAPAY,
JAPSY,
JARLF,
JAUGF,
JBARF,
JBAXY,
JBCT,
JBFCF,
JBFCY,
JBPCF,
JBSAY,
JBZY,
JCDAF,
JCDS,
JCDXF,
JCYGY,
JDSHF,
JDVB,
JDWPF,
JDWPY,
JECFF,
JELCF,
JERCP,
JERT,
JETMF,
JEXYF,
JEXYY,
JFBC,
JFEEF,
JFGI,
JFIL,
JFWV,
JGCCF,
JGCCY,
JGFCF,
JGHAF,
JGLDF,
JGWEQ,
JIAXF,
JINFF,
JIXAY,
JJAQF,
JKPTF,
JLMC,
JLMKF,
JMDA,
JMHLY,
JMON,
JMPLF,
JMPLY,
JMSB,
JMTM,
JNDOF,
JNEEP,
JNES,
JNEXF,
JNNDF,
JNRFY,
JNSH,
JOEY,
JPAK,
JPDYY,
JPEX,
JPHLF,
JPOTF,
JPXGY,
JQMPF,
JRNGF,
JRONY,
JROOF,
JRSS,
JSAIY,
JSCIF,
JSCPY,
JSDA,
JSEJF,
JSGRY,
JSHLY,
JSNSF,
JSTLF,
JSTS,
JSTTY,
JTBK,
JTCMF,
JTNB,
JTTRY,
JUMSY,
JUMT,
JUNP,
JUVF,
JVCZY,
JVTSF,
JXHLY,
JXMNF,
JYHW,
KABDF,
KABX,
KAEPY,
KAJMY,
KALG,
KALO,
KALTF,
KALY,
KANP,
KAOCF,
KAST,
KATFF,
KATOF,
KATX,
KAYS,
KBBTF,
KBCSF,
KBCSY,
KBDHF,
KBDHY,
KBGCF,
KBLB,
KBRLF,
KBSTF,
KBSTY,
KCCFF,
KCDMF,
KCDMY,
KCKSF,
KCLI,
KCMH,
KCPC,
KCRPY,
KDCXF,
KDDIF,
KDDIY,
KDIAF,
KDKGF,
KDKN,
KDNCY,
KDNG,
KDSKF,
KDUS,
KEFI,
KENS,
KERMF,
KEWL,
KEYUF,
KFSYF,
KGAUF,
KGET,
KGFHF,
KGFHY,
KGHI,
KGKG,
KGNR,
KGRI,
KGRSY,
KGSPF,
KGSPY,
KGTFF,
KGTFY,
KHDHF,
KHNGF,
KHNGY,
KHOLY,
KHRIF,
KHTRF,
KIADF,
KIDBQ,
KIGRY,
KIKOY,
KIROY,
KISB,
KIWB,
KJFI,
KJWNF,
KKFC,
KKKUF,
KKOYY,
KKPNF,
KKPNY,
KKPT,
KKWFF,
KLBAY,
KLDK,
KLKNF,
KLMK,
KLMR,
KLPEF,
KLSVF,
KLTI,
KLYCY,
KLYG,
KMERF,
KMGLF,
KMLXF,
KMMPF,
KMNCF,
KMRCF,
KMRPF,
KMSWF,
KMTUF,
KMTUY,
KNBIF,
KNBWY,
KNCAF,
KNCAY,
KNDRF,
KNDYF,
KNKT,
KNMCY,
KNOS,
KNSC,
KNTNF,
KNVKF,
KNYJF,
KNYJY,
KOGL,
KOGMF,
KOOYF,
KOSK,
KOTMY,
KOYWF,
KPAY,
KPCPF,
KPCPY,
KPELF,
KPELY,
KPIFF,
KPLIF,
KPLLF,
KPLUF,
KPLUY,
KPOC,
KPZIF,
KRBF,
KRED,
KREVF,
KRFG,
KRIUF,
KRKKF,
KRKNF,
KRLTF,
KRNGF,
KROTY,
KRRYF,
KRYAF,
KRYAY,
KRYPY,
KSANF,
KSBI,
KSFTF,
KSHB,
KSIH,
KSKGF,
KSKGY,
KSMRF,
KSPHF,
KSQR,
KSRYY,
KSSH,
KSSRF,
KTBA,
KTGDF,
KTHAF,
KTHGF,
KTHN,
KTNND,
KTNNF,
KTWIF,
KTYB,
KUBTF,
KUBTY,
KUKAF,
KUKAY,
KURRY,
KVAEF,
KVLQF,
KVMD,
KWBT,
KWGBF,
KWGPF,
KWHAF,
KWHIF,
KWHIY,
KWIPF,
KWIT,
KWPCY,
KXPLF,
KXSCF,
KYCCF,
KYKOF,
KYOCF,
KYUNF,
KYZN,
KZMYF,
LAACZ,
LADFF,
LAHO,
LANZ,
LARAF,
LAREF,
LARRF,
LASKF,
LASLY,
LATF,
LATNF,
LATX,
LAXAF,
LBAS,
LBBB,
LBCP,
LBHRF,
LBLCF,
LBLTF,
LBRDB,
LBRG,
LBRMF,
LBSR,
LBTD,
LBTG,
LBTSF,
LBUY,
LBYE,
LCAR,
LCCTF,
LCDX,
LCLNF,
LCLP,
LCNTU,
LCOM,
LCRTF,
LCSHF,
LCTC,
LCTSF,
LCTZ,
LDBKF,
LDCOY,
LDHL,
LDKB,
LDKYQ,
LDNXF,
LDRUF,
LDSI,
LDSR,
LDSVF,
LDSYF,
LEAI,
LEAS,
LEAT,
LEDIF,
LEFUF,
LEGE,
LEGIF,
LEGX,
LEHKQ,
LEHLQ,
LEHNQ,
LEKOF,
LEMIF,
LEOM,
LEON,
LESAF,
LEXG,
LFAP,
LFBCF,
LFCYF,
LFDEF,
LFER,
LFEX,
LFGP,
LFHLF,
LFLS,
LFSYF,
LFUGF,
LFUGY,
LGBI,
LGBS,
LGCHF,
LGDDF,
LGDOF,
LGDRF,
LGDTF,
LGFRY,
LGGCF,
LGGNF,
LGGNY,
LGHT,
LGLPW,
LGLTF,
LGMFF,
LGMH,
LGNC,
LGNDZ,
LGNXZ,
LGNYZ,
LGNZZ,
LGORF,
LGRVF,
LGSXY,
LGTHF,
LGTS,
LGYV,
LHHMQ,
LHSIF,
LHUAF,
LIACF,
LIBE,
LIBFF,
LICT,
LIDM,
LIFS,
LIFZF,
LIGA,
LIMAF,
LIME,
LINS,
LINSA,
LIQDQ,
LITH,
LIVC,
LIVX,
LIWA,
LIXT,
LIXXF,
LKAI,
LKFLF,
LKKRF,
LKMNF,
LKOLF,
LKREF,
LKSGF,
LLBO,
LLDTF,
LLEN,
LLESF,
LLESY,
LLLI,
LMBHW,
LMCNF,
LMEFF,
LMGR,
LMMFF,
LMPMF,
LMPMY,
LMRMF,
LMRXF,
LMSC,
LMSMF,
LMTCF,
LMTI,
LNAGF,
LNCLF,
LNDNF,
LNDT,
LNDZF,
LNEGY,
LNGG,
LNGLF,
LNGLY,
LNGPF,
LNGRF,
LNGT,
LNGYF,
LNMIY,
LNNGF,
LNNNY,
LNNTF,
LNSPF,
LNSTY,
LNTEF,
LNTP,
LNVGF,
LNVGY,
LNXGF,
LNXSF,
LNZCF,
LOCMQ,
LOGG,
LOGL,
LOGN,
LOGQ,
LOGX,
LOMLF,
LONCF,
LONKF,
LOONF,
LOQPF,
LOTE,
LOUIF,
LOVI,
LPBC,
LPHM,
LPIH,
LPKFF,
LPKGF,
LPMDF,
LPPI,
LPSIF,
LPTC,
LPTI,
LQMT,
LQRCF,
LQSIF,
LQWC,
LRAXF,
LRCDF,
LRCPF,
LRDC,
LRDR,
LRENY,
LRGR,
LRLCF,
LRLCY,
LRSV,
LRTNF,
LRTTF,
LRZZF,
LSAL,
LSANF,
LSCG,
LSDAF,
LSFG,
LSGOF,
LSKA,
LSLPF,
LSMG,
LSSCF,
LSTG,
LSTMF,
LSTYF,
LSYN,
LTCCF,
LTCP,
LTEC,
LTFD,
LTGHY,
LTHHF,
LTHIF,
LTHO,
LTHUQ,
LTKBF,
LTMP,
LTNC,
LTOUF,
LTRE,
LTSC,
LTSN,
LTTC,
LTTGF,
LTUM,
LTUS,
LTUU,
LUCC,
LUCRF,
LUDG,
LUKOY,
LUNMF,
LUPAQ,
LUPEY,
LUSI,
LUVU,
LUXGF,
LUXTY,
LVCA,
LVCC,
LVCLF,
LVCLY,
LVGI,
LVISF,
LVMHF,
LVMUY,
LVNSF,
LVNVF,
LVRLF,
LVVV,
LVWD,
LWCL,
LWCTF,
LWLCF,
LWLG,
LWLLF,
LWLW,
LWSCF,
LXENF,
LXGTF,
LXRP,
LXRRF,
LXXGF,
LYBC,
LYDIF,
LYFE,
LYJN,
LYLP,
LYNS,
LYSCF,
LYSDY,
LYSFF,
LYSFY,
LYXIF,
LZAGF,
LZAGY,
LZDLF,
LZENF,
LZRFY,
MAAFF,
MAAL,
MAANF,
MACE,
MACIF,
MACQF,
MADI,
MAGE,
MAGOY,
MAGP,
MAHLY,
MAHMF,
MAKSF,
MAKSY,
MALDF,
MALJF,
MALRF,
MALRY,
MALZF,
MAMTF,
MANZF,
MAOMF,
MAORF,
MAPGF,
MAPIF,
MAPL,
MAQAF,
MARUY,
MARZF,
MATN,
MAURY,
MAVT,
MAWHF,
MAWHY,
MAXD,
MAXE,
MAXMF,
MAXW,
MAYGF,
MAYNF,
MAYX,
MBAIF,
MBAY,
MBBYF,
MBCFF,
MBCI,
MBCQ,
MBDE,
MBFJF,
MBKL,
MBLC,
MBNKF,
MBPFF,
MBRTF,
MBXBF,
MBYMF,
MCAP,
MCAR,
MCBG,
MCBI,
MCBK,
MCBP,
MCBS,
MCCBF,
MCCK,
MCCLF,
MCDMF,
MCELQ,
MCEM,
MCESF,
MCET,
MCFUF,
MCGI,
MCGRF,
MCHA,
MCHB,
MCHHF,
MCHT,
MCHVF,
MCHVY,
MCIC,
MCIG,
MCKRF,
MCOA,
MCPI,
MCQEF,
MCRAA,
MCRAB,
MCREF,
MCRPF,
MCRT,
MCRZF,
MCSHF,
MCTC,
MCTH,
MCTYF,
MCUIF,
MCUJF,
MCVT,
MCZAF,
MDAV,
MDBIF,
MDCE,
MDCL,
MDCN,
MDCX,
MDDD,
MDDM,
MDDNF,
MDEVF,
MDEX,
MDFZF,
MDGC,
MDGEF,
MDIBY,
MDIEF,
MDIN,
MDIT,
MDIUY,
MDKM,
MDLH,
MDLNF,
MDLXF,
MDMN,
MDNAF,
MDNDF,
MDNGF,
MDNNF,
MDOMF,
MDRDF,
MDRM,
MDRPF,
MDSMF,
MDSYF,
MDVT,
MDVX,
MDVXW,
MDWT,
MDXHF,
MDXL,
MEAOF,
MEDD,
MEDFF,
MEDH,
MEDT,
MEEC,
MEGEF,
MEGGF,
MEGGY,
MEIL,
MELY,
MEME,
MENB,
MENC,
MENI,
MENXF,
MEOAF,
MEOBF,
MEPW,
MERLY,
MERR,
MEXGF,
MEYYY,
MFAIF,
MFBP,
MFCO,
MFCSF,
MFDB,
MFGI,
MFMLD,
MFON,
MFOYY,
MFRVF,
MFST,
MGAFF,
MGAWY,
MGCLF,
MGCV,
MGDDF,
MGDDY,
MGDPF,
MGFRF,
MGFX,
MGHCF,
MGHL,
MGLDF,
MGLG,
MGMLF,
MGMXF,
MGNT,
MGNU,
MGON,
MGPHF,
MGPPF,
MGPRF,
MGRUF,
MGSBF,
MGTC,
MGTI,
MGWFF,
MGXMF,
MGYOY,
MGYTF,
MHCC,
MHGU,
MHGUP,
MHGVY,
MHHC,
MHIVF,
MHPC,
MHREF,
MHTLY,
MHTX,
MHVYF,
MHYS,
MICCF,
MICWF,
MIDLF,
MIDS,
MIELF,
MIELY,
MIESF,
MIHI,
MIHL,
MIICF,
MIINF,
MIKP,
MILC,
MILV,
MIMZF,
MINE,
MINOF,
MINXF,
MIRXF,
MISM,
MISVF,
MITEF,
MITEY,
MITFF,
MITFY,
MITJF,
MITSF,
MITSY,
MITUF,
MITUY,
MIUFY,
MIXIF,
MIXX,
MJDLF,
MJGCF,
MJLB,
MJMD,
MJMI,
MJMJ,
MJNA,
MJNE,
MJOG,
MJTK,
MJTV,
MJWL,
MJXFF,
MKEAF,
MKGAF,
MKGI,
MKGID,
MKGP,
MKKGY,
MKRIF,
MKRMF,
MKRS,
MKSEF,
MKTAY,
MKTDF,
MKTY,
MLCG,
MLCOF,
MLER,
MLFB,
MLFNF,
MLGCF,
MLGF,
MLHC,
MLKKF,
MLLLF,
MLLNF,
MLLOF,
MLLS,
MLMN,
MLMZF,
MLNLF,
MLNZF,
MLOOF,
MLORF,
MLPH,
MLRKF,
MLRNF,
MLRYY,
MLTC,
MLWN,
MLXEF,
MLYBY,
MLYCF,
MLYFF,
MMBF,
MMEG,
MMEX,
MMHTF,
MMIRF,
MMJJF,
MMMB,
MMMDF,
MMMM,
MMMW,
MMNGF,
MMNT,
MMPWQ,
MMRF,
MMRGF,
MMRTY,
MMSDF,
MMSMY,
MMTC,
MMTIF,
MMTMF,
MMTOF,
MMTRS,
MMTS,
MMTV,
MNAP,
MNARF,
MNAT,
MNBEY,
MNBO,
MNBP,
MNDJF,
MNDMF,
MNDP,
MNELF,
MNGG,
MNGGF,
MNGPF,
MNGPY,
MNHD,
MNHFY,
MNHVF,
MNII,
MNMB,
MNMT,
MNNGF,
MNPP,
MNRIF,
MNRLF,
MNSB,
MNSF,
MNTCF,
MNTM,
MNTR,
MNTUF,
MNVN,
MNVWF,
MNXMF,
MNZO,
MOBIF,
MOBO,
MOBQ,
MOCI,
MODC,
MODTQ,
MOGLQ,
MOGOF,
MOJO,
MOKOY,
MOLOF,
MOMT,
MONDF,
MONDY,
MONOY,
MONRF,
MOPN,
MOST,
MOZO,
MPAD,
MPAY,
MPCIY,
MPFRF,
MPFRY,
MPGPF,
MPHD,
MPHMF,
MPHX,
MPIR,
MPIX,
MPJFF,
MPME,
MPML,
MPMQ,
MPOHY,
MPPYW,
MPSP,
MPSYF,
MPSYY,
MPUCF,
MPXEF,
MQBKY,
MQPXF,
MQXDF,
MRAAF,
MRAAY,
MRCBF,
MRCR,
MRDDF,
MRDH,
MRES,
MRFGY,
MRGE,
MRGO,
MRIB,
MRIC,
MRJT,
MRLA,
MRMD,
MRNA,
MRNJ,
MRPHF,
MRPI,
MRPLY,
MRPRF,
MRPS,
MRPZF,
MRQRF,
MRRBF,
MRRCF,
MRRDF,
MRRTY,
MRSKY,
MRTI,
MRTMF,
MRVGF,
MRVNY,
MRVSY,
MRWSF,
MRWSY,
MRZLF,
MSADF,
MSADY,
MSAH,
MSBC,
MSBHF,
MSBHY,
MSEXP,
MSEZ,
MSGNF,
MSHE,
MSHFQ,
MSITF,
MSIU,
MSLOY,
MSLP,
MSLXP,
MSMGF,
MSMY,
MSNFY,
MSNVF,
MSPC,
MSPP,
MSRT,
MSSI,
MSSNF,
MSTF,
MSTG,
MSUXF,
MSVB,
MTAFF,
MTAGF,
MTCPY,
MTEHF,
MTENY,
MTFBF,
MTFC,
MTFSF,
MTGGY,
MTGRF,
MTHRF,
MTLFF,
MTLHF,
MTLHY,
MTLK,
MTLQU,
MTMW,
MTNOF,
MTNOY,
MTPOF,
MTPR,
MTRAF,
MTRJF,
MTSCU,
MTSFF,
MTST,
MTTRY,
MTTWF,
MTUAY,
MTUU,
MTVX,
MTWD,
MTYFF,
MTZPY,
MTZXF,
MUEL,
MUNMF,
MURCF,
MURGF,
MURGY,
MURXF,
MURZY,
MUSS,
MUTM,
MVEN,
MVES,
MVLY,
MVPI,
MVRBF,
MWATF,
MWBC,
MWCAF,
MWIS,
MWOG,
MWSNF,
MWTCY,
MWWC,
MWXRF,
MXCHF,
MXCHY,
MXCYY,
MXDHF,
MXGFF,
MXLGF,
MXMG,
MXMTY,
MXROF,
MXSG,
MXTLF,
MXTOF,
MXVDF,
MYAGF,
MYBF,
MYBUF,
MYDP,
MYDX,
MYEC,
MYFCF,
MYFT,
MYGG,
MYHI,
MYLI,
MYMMF,
MYMNF,
MYMSF,
MYMX,
MYNG,
MYRLF,
MYRX,
MYRY,
MYSL,
MYSN,
MYTAY,
MYTHY,
MZDAF,
MZDAY,
MZEI,
MZHOF,
MZPS,
MZRTF,
MZTLF,
NABZY,
NACB,
NACNF,
NADLQ,
NAEID,
NAFS,
NAHD,
NANX,
NAPRF,
NASB,
NATUF,
NAUBF,
NBBTF,
NBCT,
NBDR,
NBGGY,
NBGIF,
NBGV,
NBIO,
NBPVF,
NBRI,
NBRNF,
NBRY,
NBZZF,
NCAL,
NCAP,
NCBDF,
NCEN,
NCFFF,
NCKKF,
NCLZF,
NCMBF,
NCMGF,
NCMGY,
NCNB,
NCPCF,
NCRA,
NCRBF,
NCRE,
NCTKF,
NCTW,
NCXS,
NDBKF,
NDBKY,
NDCVF,
NDEKF,
NDEKY,
NDENF,
NDEV,
NDGPF,
NDGPY,
NDMN,
NDMT,
NDMWF,
NDRBF,
NDVLF,
NDVLY,
NDYN,
NECA,
NECB,
NEEB,
NEGY,
NEIK,
NEOM,
NEPH,
NERG,
NESRF,
NETYF,
NEUL,
NEUN,
NEVDF,
NEWEN,
NEWG,
NEWLF,
NEWRF,
NEXGY,
NEXJF,
NEXOF,
NEXS,
NFEI,
NFRMY,
NFSE,
NFTGF,
NFTI,
NFYEF,
NGBL,
NGCG,
NGCRF,
NGEY,
NGGTF,
NGHT,
NGKIF,
NGKSY,
NGLD,
NGLOY,
NGMC,
NGPHF,
NGQRF,
NGRC,
NGTEF,
NGTF,
NGUGF,
NHAWF,
NHEGF,
NHEGY,
NHLE,
NHLI,
NHMD,
NHNKY,
NHPEF,
NHPI,
NHRIF,
NHVCF,
NHYDY,
NHYKF,
NICH,
NICXF,
NIDB,
NIHK,
NIHL,
NILA,
NILSY,
NIMU,
NINOF,
NINOY,
NIOBF,
NIOCF,
NIROF,
NISTF,
NITMF,
NJCB,
NJDCY,
NJMC,
NKORF,
NKOSF,
NKRKF,
NKRKY,
NKRSF,
NKWEF,
NKWFF,
NLAB,
NLIOF,
NLPXF,
NMED,
NMEX,
NMGC,
NMGGF,
NMGNF,
NMGRF,
NMHLY,
NMKEF,
NMRSF,
NMSCA,
NMTC,
NMUS,
NMXS,
NMYSF,
NNADF,
NNBP,
NNCHY,
NNCSF,
NNDIF,
NNDNF,
NNGPF,
NNGRY,
NNLX,
NNMIF,
NNOCF,
NNOMF,
NNRI,
NNRX,
NNSR,
NNSV,
NNUP,
NNUTU,
NNWS,
NNWWF,
NNXPF,
NNYR,
NOBGF,
NOBGY,
NOBH,
NODB,
NOEC,
NOHO,
NOKAF,
NOKBF,
NOMNF,
NONOF,
NOPUF,
NORNQ,
NORSA,
NORSB,
NORX,
NOSOF,
NOURF,
NOUV,
NOVC,
NOVKY,
NOVNW,
NOXL,
NPACY,
NPEXF,
NPEXY,
NPHC,
NPIFF,
NPKLY,
NPKYY,
NPMRF,
NPNTQ,
NPNYY,
NPPNY,
NPPSF,
NPPTF,
NPPXF,
NPRUF,
NPRVF,
NPSHY,
NPSKY,
NPSNY,
NPWZ,
NRBAY,
NRBC,
NRBT,
NRDEF,
NRDXF,
NRGMF,
NRGOF,
NRGSP,
NRIFF,
NRILY,
NRLB,
NROM,
NRPI,
NRPR,
NRRWF,
NRSCF,
NRTI,
NRVTF,
NRXCF,
NRYYF,
NSANF,
NSANY,
NSARO,
NSARP,
NSAV,
NSBK,
NSEH,
NSFC,
NSFDF,
NSHRF,
NSHSF,
NSKFF,
NSLPQ,
NSLYF,
NSMCF,
NSMG,
NSMSF,
NSPDF,
NSPT,
NSPX,
NSRCF,
NSRGF,
NSRGY,
NSRPF,
NSRS,
NSSMY,
NSUPF,
NSYC,
NTAH,
NTCEF,
NTCHF,
NTCI,
NTCPF,
NTCXF,
NTDMF,
NTDOF,
NTDOY,
NTDTY,
NTEK,
NTFL,
NTFU,
NTGL,
NTGSF,
NTII,
NTIOF,
NTLK,
NTME,
NTNTY,
NTOIF,
NTOIY,
NTRB,
NTRR,
NTSFF,
NTTCF,
NTTHF,
NTTYY,
NTUR,
NTVA,
NTXFF,
NTXFY,
NTXVF,
NUBC,
NUBK,
NUGL,
NUGN,
NUGS,
NUIN,
NUKK,
NULF,
NULGF,
NULM,
NULTF,
NUMD,
NUPMF,
NURPF,
NUSMF,
NUSPQ,
NUTTQ,
NUUU,
NUUVF,
NUVI,
NUVM,
NUVPF,
NUVSF,
NUZE,
NVCP,
NVDEF,
NVGC,
NVGLF,
NVGT,
NVIC,
NVNT,
NVOS,
NVRVF,
NVSEF,
NVSGF,
NVSIF,
NVTQF,
NVTZF,
NVZMF,
NVZMY,
NWARF,
NWBB,
NWBO,
NWCI,
NWCN,
NWDMF,
NWDVW,
NWEGF,
NWFAF,
NWFFF,
NWGC,
NWGFF,
NWGI,
NWHAF,
NWHUF,
NWIFF,
NWIN,
NWKFF,
NWKHY,
NWKRF,
NWLNF,
NWLTF,
NWMH,
NWPG,
NWPN,
NWPP,
NWRLY,
NWSGY,
NWSTF,
NWSZF,
NWTT,
NWUC,
NWURF,
NWVCF,
NWXPF,
NWYF,
NXCLF,
NXCN,
NXFI,
NXFNF,
NXGH,
NXGM,
NXGPY,
NXGRF,
NXNN,
NXOPF,
NXPGF,
NXPRF,
NXRA,
NXSL,
NXTFF,
NXTH,
NXTN,
NXTTF,
NXTYQ,
NXUR,
NXXGF,
NXXTF,
NYRSY,
NYUKF,
NYXO,
NZEOF,
NZERF,
NZRFF,
NZSTF,
NZTCF,
OAKR,
OAKV,
OAOFY,
OBDP,
OBGRF,
OBIIF,
OBLR,
OBMP,
OBNNF,
OBTEF,
OCANF,
OCBI,
OCBM,
OCDGF,
OCEX,
OCFN,
OCINF,
OCINY,
OCLDF,
OCLDY,
OCLG,
OCLN,
OCNSF,
OCPFF,
OCPNY,
OCQLF,
OCSM,
OCSY,
OCTX,
ODMEF,
ODMO,
ODMTY,
ODMUF,
ODYC,
OEDVQ,
OERLF,
OEXFF,
OEZVY,
OFSI,
OGDCF,
OGES,
OGFGF,
OGFGY,
OGLDF,
OGNT,
OGRMF,
OGSM,
OGSRW,
OGXPY,
OGZPY,
OHAQ,
OHBK,
OHBTF,
OHPB,
OIBRQ,
OIDN,
OIGLF,
OILRF,
OILY,
OISHF,
OISHY,
OJIPY,
OJSCY,
OKIEY,
OKRGQ,
OKSWF,
OLCLF,
OLCLY,
OLMIF,
OLMIY,
OLMM,
OLMXF,
OLNCF,
OLVI,
OLVRF,
OMAG,
OMBP,
OMCM,
OMHE,
OMHLF,
OMMH,
OMRNF,
OMRNY,
OMRX,
OMSH,
OMTK,
OMVE,
OMVJF,
OMVKY,
OMVS,
ONCI,
ONCX,
ONCYF,
ONEXF,
ONOV,
ONSE,
ONSM,
ONVC,
ONXXF,
OOAG,
OOBHF,
OODH,
OOGI,
OPBK,
OPBL,
OPBXF,
OPCO,
OPESF,
OPESY,
OPGX,
OPGYF,
OPHI,
OPHLF,
OPHLY,
OPHRY,
OPMG,
OPMZ,
OPPXF,
OPRX,
OPSSF,
OPST,
OPTI,
OPTL,
OPTY,
OPVS,
OPXS,
OPXXW,
OPYGY,
ORAGF,
ORBN,
ORBT,
ORFDF,
ORFLY,
ORFR,
ORGC,
ORGN,
ORGS,
ORHB,
ORHK,
ORINY,
ORKLF,
ORKLY,
ORMNF,
ORMTQ,
ORNC,
ORNH,
OROCF,
OROE,
OROXF,
ORPB,
ORPEF,
ORRAF,
ORRCF,
ORRLF,
ORRP,
ORSUF,
ORSX,
ORVMF,
ORXCF,
ORXGF,
ORXOY,
ORYN,
ORYX,
ORYYF,
ORZCF,
OSAGF,
OSAGY,
OSBHF,
OSCI,
OSCUF,
OSIR,
OSKA,
OSKGF,
OSSFF,
OSSIF,
OSSPF,
OSTBP,
OSTLY,
OSTO,
OSVBF,
OTCM,
OTGLF,
OTMN,
OTOW,
OTSHF,
OTSKF,
OTSKY,
OTTEF,
OTTV,
OUTB,
OUTFF,
OUTKY,
OVCHF,
OVCHY,
OVIT,
OVTZ,
OWCP,
OWVI,
OXBC,
OXBDF,
OXFCF,
OXIHF,
OXINF,
OXNXF,
OXYS,
OYIEF,
OYOCF,
OZFRY,
OZMLF,
OZON,
PACC,
PACDQ,
PACQF,
PACV,
PADR,
PAEGF,
PAHGF,
PAIOF,
PALAF,
PALDF,
PANC,
PANDY,
PANRF,
PANXF,
PAOC,
PAOG,
PAOTF,
PAPA,
PAQWF,
PARD,
PARF,
PARNF,
PARS,
PARXF,
PASO,
PATAF,
PAUFF,
PAWEF,
PAYD,
PAYM,
PAZRF,
PBAM,
PBBSF,
PBCA,
PBCBF,
PBCO,
PBCRF,
PBCRY,
PBEC,
PBEGF,
PBEP,
PBEV,
PBHG,
PBIO,
PBKOF,
PBKX,
PBMFF,
PBMLF,
PBMRF,
PBMRY,
PBNK,
PBOWN,
PBSFF,
PBSFY,
PBSV,
PBVA,
PBYA,
PCBC,
PCBN,
PCCWY,
PCCYF,
PCDAF,
PCDVF,
PCFBF,
PCFBY,
PCFO,
PCFP,
PCGR,
PCHM,
PCKK,
PCLB,
PCLI,
PCMC,
PCOA,
PCOFF,
PCOGF,
PCOLF,
PCPJ,
PCPZ,
PCQRF,
PCRCF,
PCRFF,
PCRFY,
PCRTF,
PCSA,
PCSV,
PCWLF,
PCYN,
PCYS,
PDDPF,
PDER,
PDGO,
PDIV,
PDMI,
PDNLB,
PDOB,
PDOS,
PDPTF,
PDPYF,
PDRDF,
PDRDY,
PDRX,
PDSSF,
PDTRF,
PDXP,
PDYPY,
PEATF,
PEBC,
PEBN,
PEDE,
PEDH,
PEFDF,
PEFF,
PEGRF,
PEGRY,
PEGX,
PEII,
PEIMF,
PEIW,
PEKN,
PEKND,
PEMC,
PEMIF,
PENC,
PENYF,
PERL,
PERS,
PERT,
PETFF,
PETV,
PEUGF,
PEXZF,
PEYE,
PEYUF,
PFBN,
PFBOF,
PFBX,
PFCF,
PFFOF,
PFGBQ,
PFHD,
PFHO,
PFLC,
PFMS,
PFND,
PFNO,
PFODF,
PFOH,
PFRCF,
PFRRF,
PFSCF,
PFSD,
PFTI,
PFWI,
PGAS,
PGCG,
PGCMF,
PGCSF,
PGCX,
PGDIF,
PGEJF,
PGENY,
PGEZF,
PGFY,
PGGCY,
PGID,
PGIE,
PGLO,
PGNN,
PGNRF,
PGNT,
PGNYF,
PGOG,
PGOL,
PGPEF,
PGPHF,
PGPM,
PGRX,
PGSC,
PGSI,
PGSVY,
PGSY,
PGTK,
PGTMF,
PGUS,
PGUZ,
PGVI,
PGXPF,
PHBR,
PHCRF,
PHCUF,
PHGUF,
PHIL,
PHLI,
PHMB,
PHMMF,
PHMZF,
PHNHF,
PHOS,
PHOT,
PHPYF,
PHRX,
PHSL,
PHTCF,
PHVAF,
PHXCF,
PHXHF,
PIAGF,
PIAIF,
PIED,
PIEJF,
PIFFY,
PIFMF,
PIFYF,
PIHN,
PILBF,
PINXF,
PIOE,
PIONF,
PIPI,
PIRGF,
PJET,
PJXRF,
PKCOY,
PKGM,
PKIN,
PKIUF,
PKKFF,
PKKW,
PKPH,
PKPL,
PKPYY,
PKRDP,
PKREF,
PKSLF,
PKTEF,
PKTX,
PKWY,
PLATF,
PLBN,
PLDGP,
PLFM,
PLFRY,
PLFX,
PLGC,
PLHCF,
PLKT,
PLLHF,
PLLLY,
PLLMF,
PLLVF,
PLMNF,
PLNE,
PLNTQ,
PLPL,
PLRM,
PLSB,
PLSDF,
PLSQF,
PLUUF,
PLWN,
PLWTF,
PLWTY,
PLWY,
PLYFF,
PLYZ,
PMBS,
PMCB,
PMCCF,
PMCUF,
PMDKF,
PMDL,
PMEA,
PMEHF,
PMEWW,
PMGYF,
PMHG,
PMHV,
PMIR,
PMMAF,
PMMEF,
PMMTF,
PMNXF,
PMOIF,
PMOIY,
PMOZ,
PMPG,
PMSNF,
PMTYF,
PMULF,
PMXO,
PMXX,
PNAGF,
PNAT,
PNBC,
PNBI,
PNCKF,
PNCOF,
PNCOY,
PNCRF,
PNDDF,
PNDZF,
PNGAY,
PNGM,
PNGZF,
PNIK,
PNMLF,
PNMXO,
PNNB,
PNNX,
PNOW,
PNPFF,
PNPL,
PNRC,
PNTP,
PNTPQ,
PNTV,
PNWRF,
PNXLF,
PNXPF,
PNYTF,
POAHF,
POAHY,
POCEF,
POEFF,
POETF,
POFCF,
POFCY,
POFNF,
POLR,
POLXF,
PONB,
PONT,
POOSF,
PORBF,
PORMF,
POROF,
POSC,
POTG,
POTN,
POTRF,
POTTF,
POWT,
POWW,
POYYF,
PPAAF,
PPAAY,
PPAL,
PPAMF,
PPBN,
PPBV,
PPCB,
PPCCF,
PPCCY,
PPCLY,
PPCQ,
PPEHF,
PPERF,
PPERY,
PPII,
PPJE,
PPLFY,
PPLL,
PPMD,
PPMH,
PPMT,
PPNT,
PPOTF,
PPPMF,
PPRQF,
PPRRF,
PPRTF,
PPRUF,
PPRUY,
PPRW,
PPSF,
PPSTF,
PPTDF,
PPTL,
PPWLM,
PPWLO,
PQEFF,
PRAC,
PRBCF,
PRBGF,
PRBZF,
PRCB,
PRCK,
PRCYF,
PRDGF,
PRDL,
PRDSF,
PRDSY,
PRED,
PREGF,
PREIF,
PREKF,
PREX,
PRFC,
PRFMF,
PRGAF,
PRGBQ,
PRGCF,
PRGNF,
PRHL,
PRHR,
PRISY,
PRKA,
PRKI,
PRKV,
PRLE,
PRLO,
PRLX,
PRMCF,
PRMK,
PRMLY,
PRMO,
PRMRF,
PROBF,
PROM,
PROP,
PROT,
PRPCF,
PRPI,
PRPM,
PRPPF,
PRPRF,
PRRE,
PRRFY,
PRRR,
PRRSF,
PRRY,
PRRZF,
PRSEF,
PRSEY,
PRSG,
PRSI,
PRSRF,
PRTDF,
PRTR,
PRTT,
PRTX,
PRVCF,
PRVU,
PRXIQ,
PRXM,
PRYMF,
PRYMY,
PRYNF,
PRZFF,
PRZM,
PSBC,
PSBP,
PSBQ,
PSCO,
PSCR,
PSCSF,
PSDMF,
PSDNF,
PSGFF,
PSGR,
PSGTF,
PSGTY,
PSHIF,
PSHZF,
PSID,
PSIQ,
PSIX,
PSMH,
PSMMY,
PSNP,
PSNX,
PSON,
PSPGF,
PSPSF,
PSPW,
PSRU,
PSRVF,
PSSGF,
PSSR,
PSSS,
PSTNY,
PSTRQ,
PSTUB,
PSTUC,
PSUD,
PSWR,
PSWS,
PSXRF,
PSYS,
PSYTF,
PSZKY,
PTAH,
PTAIF,
PTAIY,
PTAM,
PTAUY,
PTBRY,
PTBS,
PTCAY,
PTCHF,
PTCO,
PTEEF,
PTEFF,
PTEL,
PTEO,
PTGCY,
PTGEF,
PTHRF,
PTITF,
PTKFF,
PTKFY,
PTLF,
PTLKF,
PTMEY,
PTNDY,
PTNUF,
PTNYF,
PTOAF,
PTOG,
PTOI,
PTOP,
PTORF,
PTOS,
PTOTF,
PTOZF,
PTPF,
PTPIF,
PTQEP,
PTRA,
PTRC,
PTRO,
PTRS,
PTRUF,
PTSC,
PTSH,
PTSXQ,
PTTN,
PTTTS,
PTTWF,
PTVL,
PTVYF,
PTXKY,
PUBC,
PUBGY,
PUCCF,
PUDA,
PUFXF,
PUGE,
PUGOY,
PUKPF,
PUMD,
PUMGF,
PUODY,
PUPS,
PURA,
PURE,
PURO,
PURT,
PURY,
PUTKY,
PUXPF,
PVBK,
PVCRF,
PVCT,
PVCTW,
PVDG,
PVEG,
PVHO,
PVLTF,
PVMCF,
PVNC,
PVNNF,
PVNO,
PVOTF,
PVRS,
PVSP,
PVTTF,
PVVTF,
PWBO,
PWCDF,
PWCL,
PWCO,
PWCRF,
PWDY,
PWEB,
PWEI,
PWLK,
PWMRF,
PWON,
PWRMF,
PWURF,
PWVI,
PXFG,
PXGYF,
PXMFF,
PXRB,
PXSLY,
PXXLF,
PXYN,
PYBX,
PYHOF,
PYRNF,
PYTCY,
PYTG,
PZCUF,
PZCUY,
PZOO,
PZRIF,
PZRXQ,
QABSY,
QALB,
QATSF,
QBAN,
QBCRF,
QBEIF,
QBIEY,
QBIO,
QCCO,
QCPC,
QDLC,
QEBR,
QEDN,
QEGY,
QEPC,
QEXXF,
QFORQ,
QGPLF,
QGRSF,
QIFTF,
QING,
QKLS,
QMCI,
QMCQF,
QMDT,
QMKR,
QMXGF,
QNBC,
QNIIF,
QNTO,
QNTQF,
QNTQY,
QNXC,
QOIL,
QPAG,
QPRC,
QPTFF,
QPWR,
QQFSF,
QRMLF,
QRNNF,
QRON,
QRRY,
QRSM,
QRSRF,
QSEP,
QSIM,
QSMG,
QSPW,
QTEYF,
QTMM,
QTRPF,
QTRRF,
QTVLF,
QTWWQ,
QTXB,
QUAN,
QUBSF,
QUCT,
QUDCF,
QUES,
QUPPF,
QURT,
QUTIF,
QUTR,
QWTR,
QYOUF,
RACK,
RADLY,
RADR,
RAEWF,
RAFA,
RAFI,
RAFLF,
RAGL,
RAIFY,
RAIO,
RAKR,
RAMPF,
RANGF,
RANJF,
RANJY,
RANKF,
RAREF,
RARMF,
RARS,
RASP,
RATHF,
RAZFF,
RBAZ,
RBCC,
RBCDF,
RBCF,
RBCL,
RBDC,
RBEIF,
RBGDF,
RBGLY,
RBGPF,
RBIZ,
RBNW,
RBRWF,
RBSPF,
RBSY,
RBTEF,
RBTI,
RBYCF,
RCAR,
RCBC,
RCCB,
RCCMF,
RCGP,
RCGR,
RCHA,
RCHN,
RCIT,
RCKE,
RCKHF,
RCKTF,
RCKXF,
RCKZF,
RCMH,
RCPIQ,
RCRRF,
RCTC,
RCTFF,
RCTRF,
RDAR,
RDBBF,
RDDC,
RDDTF,
RDEIF,
RDEIY,
RDEMF,
RDEXF,
RDFY,
RDGL,
RDIAF,
RDLCF,
RDLSF,
RDML,
RDMPQ,
RDNAF,
RDOIF,
RDPEF,
RDRIF,
RDRUY,
RDSMY,
RDTK,
RDUFF,
RDVA,
RDVWF,
RDWD,
RDXH,
REAC,
REBL,
REDFY,
REDG,
REDW,
REEI,
REEMF,
REFG,
REGRF,
REGX,
RELFF,
RELM,
RELYQ,
REMI,
REMYF,
REMYY,
RENU,
REOS,
REPCF,
REPO,
REPR,
REPYF,
REPYY,
RESCU,
RESS,
RETC,
REVB,
REVI,
REVO,
REXLQ,
REZIF,
REZZF,
RFBC,
RFCS,
RFFRY,
RFIVF,
RFMK,
RFNDF,
RFNS,
RFXRF,
RGARF,
RGBOQ,
RGBP,
RGBPP,
RGCTF,
RGDCF,
RGDEF,
RGDFF,
RGDXQ,
RGEDF,
RGFR,
RGGI,
RGIN,
RGLG,
RGLSF,
RGLXY,
RGNP,
RGORF,
RGPMF,
RGRNF,
RGRX,
RGUS,
RGXX,
RHCGF,
RHCO,
RHDGF,
RHHBF,
RHHBY,
RHHNF,
RHHVF,
RHKJF,
RHNO,
RHUHF,
RHWI,
RHWKF,
RIBS,
RICOF,
RICOY,
RIGH,
RIGI,
RIHC,
RIHT,
RIINF,
RINIF,
RINO,
RIOCF,
RITE,
RITPF,
RITT,
RIVE,
RIVT,
RIVVF,
RJDG,
RJIUF,
RJKAF,
RKGXF,
RKHNF,
RKMSF,
RKNEF,
RKOS,
RKTE,
RKUNF,
RKUNY,
RKWBF,
RLAB,
RLBD,
RLBS,
RLBY,
RLGHF,
RLGMF,
RLIA,
RLLMF,
RLLVF,
RLLWF,
RLMD,
RLOG,
RLOGQ,
RLPHQ,
RLTR,
RLXXF,
RLYNF,
RMCP,
RMDM,
RMES,
RMETF,
RMGGF,
RMGNW,
RMGOF,
RMHB,
RMIAF,
RMIOF,
RMKXD,
RMLFF,
RMLRF,
RMNIW,
RMNXF,
RMRDF,
RMRK,
RMSYF,
RMTD,
RMTN,
RNBI,
RNDXF,
RNECF,
RNECY,
RNGC,
RNGG,
RNHEF,
RNKLF,
RNLSY,
RNMBY,
RNSDF,
RNSFF,
RNSGF,
RNSHF,
RNTL,
RNVA,
RNVAW,
RNVT,
RNWEF,
RNWEY,
RNWF,
RNWR,
ROBK,
ROBOF,
ROCAF,
ROCLF,
ROFO,
ROGFF,
ROGI,
ROHCY,
ROII,
ROIUF,
ROSX,
ROSYY,
ROTH,
ROVVF,
ROWKF,
ROYE,
ROYL,
ROYMF,
ROYMY,
RPBC,
RPCGF,
RPCGY,
RPDT,
RPFG,
RPGLF,
RPMGD,
RPMGF,
RPMT,
RPSGF,
RQHTF,
RRDMF,
RRENF,
RRETY,
RRIF,
RRMLF,
RROTF,
RRRI,
RRRO,
RRRT,
RRSSF,
RSAIF,
RSAM,
RSASF,
RSAU,
RSCF,
RSDNF,
RSERF,
RSGUF,
RSHN,
RSHPF,
RSHYY,
RSII,
RSKIA,
RSLBF,
RSMDF,
RSNAY,
RSNHF,
RSPI,
RSRSF,
RSRT,
RSRV,
RSSFF,
RSSS,
RSSV,
RSTAF,
RSTAY,
RSTRF,
RTBBF,
RTBC,
RTBRF,
RTKHQ,
RTLGF,
RTLLF,
RTMAF,
RTMFF,
RTMVY,
RTNB,
RTNTF,
RTOKY,
RTON,
RTOXF,
RTOXY,
RTPPF,
RTSO,
RTTO,
RUBNF,
RUBSF,
RUPRF,
RUSMF,
RVALL,
RVBR,
RVCB,
RVDO,
RVLGF,
RVLTF,
RVNG,
RVSDF,
RVVTF,
RVXCF,
RWCB,
RWCI,
RWEOY,
RWNFF,
RWWI,
RXEEY,
RXMD,
RXNRP,
RYAOF,
RYCEF,
RYCEY,
RYDAF,
RYDBF,
RYES,
RYFL,
RYKKF,
RYKKY,
RYLPF,
RYOOF,
RYPPF,
RYSMF,
RYTTF,
RZLT,
RZPK,
RZREF,
RZSMF,
SAABF,
SABK,
SABN,
SADL,
SADMF,
SAEI,
SAENF,
SAEUF,
SAFLF,
SAFRF,
SAFRY,
SAFS,
SAGD,
SAGKF,
SAKH,
SAKL,
SALN,
SAMOF,
SANP,
SANT,
SAPGF,
SAPIF,
SAPLF,
SAPMY,
SAPX,
SARA,
SARSF,
SARTF,
SASDY,
SASOF,
SATLF,
SAUHF,
SAUHY,
SAUNF,
SAWLF,
SAXPF,
SAXPY,
SBAM,
SBAZ,
SBBSF,
SBDG,
SBES,
SBFFF,
SBFFY,
SBFM,
SBGLF,
SBGSF,
SBGSY,
SBHGF,
SBHMY,
SBHO,
SBKFF,
SBKK,
SBKO,
SBLRF,
SBMFF,
SBMSF,
SBNC,
SBOEF,
SBOEY,
SBRCY,
SBRT,
SBSAA,
SBSNY,
SBTB,
SBUM,
SBWFF,
SCAL,
SCAY,
SCAZP,
SCBFF,
SCBH,
SCBZ,
SCCAF,
SCCFF,
SCCYF,
SCDA,
SCEXF,
SCEYF,
SCFFF,
SCFLF,
SCFR,
SCGLF,
SCGLY,
SCGPY,
SCHS,
SCHYF,
SCHYY,
SCIA,
SCIE,
SCIL,
SCIO,
SCMWY,
SCNA,
SCND,
SCNG,
SCOO,
SCOR,
SCPAF,
SCPJ,
SCRCQ,
SCRH,
SCRPF,
SCRYY,
SCSG,
SCTBF,
SCTN,
SCUPF,
SCVM,
SCVPF,
SCYT,
SCYYF,
SCZC,
SDCJF,
SDDFF,
SDDXF,
SDEV,
SDGB,
SDGCF,
SDISY,
SDMHF,
SDOIA,
SDOIB,
SDON,
SDRC,
SDRDW,
SDRG,
SDRWW,
SDRYF,
SDSS,
SDVI,
SDVKF,
SDVKY,
SDXAY,
SDXOF,
SEAOF,
SEBC,
SECCF,
SECI,
SECYF,
SEEK,
SEEMF,
SEGI,
SEGXF,
SEGYY,
SEHI,
SEHKF,
SEIGF,
SEIL,
SEKEF,
SEKEY,
SEKZF,
SELSF,
SEMFF,
SEMUF,
SENEM,
SENR,
SENY,
SENZ,
SEOAY,
SEOVF,
SEPGF,
SEPGY,
SEPJY,
SEPOF,
SESI,
SESMF,
SETO,
SEVA,
SEVT,
SEXHF,
SFBE,
SFBI,
SFBK,
SFBR,
SFBTF,
SFDL,
SFDPF,
SFEF,
SFEG,
SFFFF,
SFHI,
SFHLF,
SFICP,
SFIN,
SFIV,
SFMI,
SFOR,
SFOSF,
SFPI,
SFRGF,
SFRGY,
SFRX,
SFSHF,
SFTBF,
SFTBY,
SFWJ,
SGAMF,
SGAMY,
SGAPY,
SGBAF,
SGBI,
SGBLY,
SGCP,
SGDBF,
SGDH,
SGER,
SGGDF,
SGGEF,
SGGKF,
SGGKY,
SGGTF,
SGGV,
SGHIF,
SGHIY,
SGIOF,
SGIOY,
SGLA,
SGLDF,
SGLFF,
SGLMF,
SGLRF,
SGMD,
SGMNF,
SGMR,
SGNI,
SGPYY,
SGRCF,
SGRNF,
SGRSF,
SGRWF,
SGSI,
SGSIF,
SGSOF,
SGSOY,
SGSVF,
SGTB,
SGTI,
SGTN,
SGTPY,
SGTSF,
SGTZY,
SGUI,
SGURF,
SGYI,
SGZH,
SHALY,
SHANF,
SHASF,
SHCAF,
SHCAY,
SHCC,
SHCMF,
SHDNF,
SHECF,
SHECY,
SHERF,
SHGDF,
SHGP,
SHKLY,
SHLAF,
SHLRF,
SHMAY,
SHMCF,
SHMDF,
SHMN,
SHMP,
SHMUY,
SHNWF,
SHOM,
SHPGF,
SHPHF,
SHPMF,
SHPMY,
SHPND,
SHRC,
SHRK,
SHRV,
SHTDF,
SHTDY,
SHTGF,
SHTGY,
SHTLF,
SHUNF,
SHWDY,
SHWGF,
SHWGY,
SHWK,
SHXWF,
SHZHY,
SHZUY,
SIAF,
SIBE,
SIDNF,
SIEGY,
SIELY,
SIETY,
SIEVF,
SIGA,
SIGL,
SIGN,
SIGO,
SIIYF,
SILLF,
SILS,
SILXF,
SILXY,
SIMC,
SIML,
SIMTF,
SINC,
SING,
SINGF,
SINGY,
SINX,
SIOCF,
SIOPF,
SIPC,
SIPN,
SIRC,
SIREF,
SIRZF,
SISXF,
SITS,
SIUIF,
SIXD,
SIXGF,
SIXN,
SJKI,
SJMHF,
SJMHY,
SJRNF,
SKAS,
SKBI,
SKBSY,
SKFRY,
SKHCF,
SKHHY,
SKHRF,
SKHSF,
SKHSY,
SKIGF,
SKKY,
SKLKF,
SKLKY,
SKLMF,
SKLYF,
SKPBF,
SKPI,
SKPN,
SKPO,
SKREF,
SKRUF,
SKSBF,
SKTO,
SKTP,
SKTPP,
SKUFF,
SKUNF,
SKVI,
SKVKY,
SKVY,
SKXJF,
SKYAY,
SKYC,
SKYF,
SKYI,
SKYTY,
SLBBW,
SLCH,
SLCJY,
SLCO,
SLDC,
SLFFF,
SLFPF,
SLFPY,
SLGBF,
SLGD,
SLGGF,
SLGX,
SLIO,
SLLDY,
SLLN,
SLLTF,
SLMLF,
SLMNP,
SLMXF,
SLMZF,
SLNCF,
SLNM,
SLNX,
SLOIF,
SLOT,
SLPC,
SLRK,
SLROF,
SLRRF,
SLRZF,
SLSDF,
SLSR,
SLSX,
SLTFF,
SLTK,
SLTTF,
SLVFF,
SLVRF,
SLXXF,
SMAA,
SMAL,
SMAWF,
SMBMF,
SMBMY,
SMBZF,
SMCAY,
SMCDY,
SMCE,
SMDM,
SMDZF,
SMEBF,
SMECF,
SMEV,
SMEYF,
SMFKY,
SMFNF,
SMFTF,
SMGBF,
SMGBY,
SMGI,
SMGKF,
SMGY,
SMGZY,
SMID,
SMIVY,
SMIZF,
SMKC,
SMKG,
SMLR,
SMMCF,
SMME,
SMMR,
SMMYY,
SMNNY,
SMNUF,
SMPBF,
SMPI,
SMPR,
SMREF,
SMRL,
SMRN,
SMSEY,
SMSMY,
SMSOF,
SMTGF,
SMTOF,
SMTOY,
SMUPF,
SMUUY,
SMVI,
SMXMF,
SNAVF,
SNBIF,
SNBP,
SNCAF,
SNCGF,
SNDY,
SNDZ,
SNEJF,
SNET,
SNEY,
SNFRF,
SNGNF,
SNIPF,
SNIRF,
SNLAF,
SNLAY,
SNLC,
SNLP,
SNLS,
SNMCY,
SNMMF,
SNMN,
SNMRF,
SNMRY,
SNMSF,
SNMYF,
SNNAF,
SNNC,
SNNF,
SNNGF,
SNNJF,
SNNN,
SNNUF,
SNNVF,
SNNY,
SNOVF,
SNPHF,
SNPHY,
SNPMF,
SNPTF,
SNPW,
SNROF,
SNRY,
SNSFD,
SNSFF,
SNSGF,
SNST,
SNTW,
SNTX,
SNTZ,
SNVFD,
SNVFF,
SNVP,
SNWAF,
SNWR,
SNWV,
SNYFY,
SNYNF,
SNYR,
SNZYP,
SNZZF,
SOACF,
SOAN,
SOBS,
SOCGM,
SOCGP,
SOCJF,
SOCLF,
SODE,
SODI,
SOEN,
SOFT,
SOGFF,
SOHFF,
SOHI,
SOHOF,
SOIEF,
SOIGF,
SOLI,
SOLS,
SOLTF,
SOLU,
SOLVY,
SOMC,
SOME,
SOMLF,
SOMLY,
SOMMY,
SOMNF,
SONT,
SONVF,
SONVY,
SOOCY,
SOPK,
SOPV,
SOQDQ,
SORT,
SOTK,
SOUHY,
SOUL,
SOUM,
SOUPQ,
SOYO,
SPAG,
SPASF,
SPAZF,
SPBV,
SPCL,
SPCO,
SPDC,
SPDE,
SPDL,
SPEC,
SPGX,
SPGYF,
SPGZ,
SPHDF,
SPHHF,
SPHM,
SPHRF,
SPHRY,
SPHXF,
SPIN,
SPIR,
SPKKY,
SPKOY,
SPLIF,
SPLM,
SPLY,
SPMI,
SPMLF,
SPMTF,
SPMYY,
SPND,
SPNRF,
SPNUF,
SPNZF,
SPOI,
SPOM,
SPOXF,
SPPDF,
SPPJY,
SPPKF,
SPQS,
SPRBF,
SPRL,
SPRN,
SPRS,
SPRV,
SPRWF,
SPSTF,
SPSTY,
SPSY,
SPTJF,
SPVEF,
SPVNF,
SPVVF,
SPXA,
SPXCF,
SPXCY,
SPXSF,
SPYR,
SQCF,
SQFL,
SQIDF,
SQNXF,
SQTX,
SQZZF,
SRAFF,
SRBCF,
SRBT,
SRCAF,
SRCGF,
SRCH,
SRCO,
SRCRF,
SRCSF,
SRDP,
SREDF,
SRFDF,
SRGE,
SRGHY,
SRGZ,
SRHBF,
SRHBY,
SRHGF,
SRHIF,
SRKZF,
SRLY,
SRLZF,
SRMC,
SRMGF,
SRMKF,
SRMLF,
SRMMF,
SRMX,
SRNA,
SRNN,
SRNW,
SROYF,
SRRE,
SRRPF,
SRRTF,
SRSCQ,
SRSIF,
SRSP,
SRSR,
SRTI,
SRUP,
SRUXF,
SRWRF,
SRWRY,
SRXXF,
SRYB,
SSAAF,
SSAAY,
SSBBW,
SSBP,
SSCFF,
SSDOF,
SSDOY,
SSDRF,
SSEBF,
SSEEF,
SSEZF,
SSEZY,
SSFT,
SSGOF,
SSHC,
SSHSQ,
SSLEF,
SSLTY,
SSLYF,
SSMLD,
SSMXF,
SSMXY,
SSNF,
SSNYY,
SSOF,
SSOK,
SSOL,
SSPC,
SSPPF,
SSPXF,
SSRAP,
SSREF,
SSREY,
SSTRF,
SSTT,
SSTY,
SSUMF,
SSUMY,
SSVC,
SSVFF,
SSWH,
STAI,
STBFY,
STBI,
STBMF,
STBMY,
STBV,
STCB,
STCC,
STCMB,
STDAF,
STDE,
STEV,
STGCF,
STGG,
STGPF,
STGZ,
STHC,
STHHF,
STHI,
STJO,
STJPF,
STKAF,
STKR,
STKXF,
STLHF,
STLJF,
STLM,
STLT,
STLXF,
STMDF,
STMEF,
STMGF,
STMNF,
STMZF,
STND,
STNN,
STNT,
STNUF,
STNY,
STOHF,
STOSF,
STOY,
STPJF,
STQN,
STRB,
STRDF,
STRH,
STRI,
STRNY,
STRRF,
STRXF,
STRZ,
STSC,
STTFY,
STTH,
STTX,
STVA,
STVI,
STVVY,
STWC,
STWRY,
STWSQ,
STXS,
STYLA,
STYS,
STZHF,
STZU,
SUAFF,
SUBCY,
SUEZF,
SUGR,
SUHJF,
SUHJY,
SUIFF,
SULZF,
SUMCF,
SUME,
SUMXF,
SUNC,
SUND,
SUNWW,
SUNYF,
SUOPY,
SUPGF,
SUQU,
SURDF,
SURE,
SURG,
SURP,
SURRF,
SURRY,
SURVF,
SUTI,
SUTNY,
SUUB,
SUUIF,
SUWN,
SUZBY,
SVAUF,
SVBL,
SVBRF,
SVCBF,
SVCBY,
SVCMF,
SVCTF,
SVGAF,
SVIN,
SVKEF,
SVLKF,
SVLPF,
SVLT,
SVNDF,
SVNDY,
SVNLF,
SVNLY,
SVNNF,
SVRGF,
SVRZF,
SVSA,
SVSN,
SVSO,
SVTE,
SVTRF,
SVVB,
SVVYF,
SVYSF,
SWDAF,
SWDBF,
SWDBY,
SWEE,
SWET,
SWGAF,
SWGAY,
SWGNF,
SWHI,
SWHN,
SWIOU,
SWKH,
SWMAF,
SWMAY,
SWMM,
SWNLF,
SWNM,
SWPFF,
SWPIF,
SWPRF,
SWRAF,
SWRAY,
SWRBY,
SWRI,
SWRL,
SWRM,
SWSDF,
SWSKF,
SWSSF,
SWTUY,
SWVI,
SWWE,
SWWI,
SWYBF,
SWYDF,
SWZCF,
SWZNF,
SXHHF,
SXMDF,
SXMVF,
SXOOF,
SXYEY,
SYAAF,
SYATF,
SYCRF,
SYDDF,
SYEV,
SYHBF,
SYIEF,
SYIEY,
SYKWF,
SYMW,
SYNG,
SYNJ,
SYNNF,
SYPT,
SYTE,
SYUP,
SYVC,
SYXXF,
SYZLF,
SZBI,
SZCRF,
SZEVF,
SZEVY,
SZGPY,
SZHFF,
SZHIF,
SZIHF,
SZKMF,
SZKMY,
SZLMY,
SZSMF,
SZSN,
TABCF,
TACBY,
TACI,
TAER,
TAGG,
TAIPY,
TAISF,
TAKOF,
TAKRF,
TAKUF,
TALK,
TALN,
TALR,
TAMG,
TAMO,
TANEF,
TAOIF,
TAPCF,
TAPM,
TAPOF,
TAQR,
TARIF,
TARSF,
TATYF,
TATYY,
TAUG,
TAVHY,
TAWNF,
TAYO,
TBABF,
TBACQ,
TBDYF,
TBEV,
TBGNF,
TBGPF,
TBIIF,
TBLMY,
TBLZ,
TBMIF,
TBMM,
TBNAF,
TBPMF,
TBSS,
TBTC,
TBTEF,
TBVPF,
TCANF,
TCEGF,
TCEHY,
TCEL,
TCGN,
TCHBF,
TCHC,
TCHH,
TCISF,
TCKF,
TCKGF,
TCKRF,
TCLAF,
TCLHF,
TCLRY,
TCMFF,
TCNB,
TCNGF,
TCNT,
TCOR,
TCOSF,
TCPFF,
TCPIF,
TCRRF,
TCTZF,
TCYMY,
TCYSF,
TDCAF,
TDCB,
TDCH,
TDDWW,
TDEY,
TDGCF,
TDHOY,
TDLAF,
TDNT,
TDRRF,
TDSGF,
TDYT,
TEAR,
TECO,
TECR,
TEFOF,
TEGR,
TEGY,
TEHG,
TELDF,
TELLF,
TELNF,
TELNY,
TEMPF,
TERA,
TERRF,
TESTJ,
TEUCF,
TEUFF,
TEUTF,
TEVJF,
TEVVF,
TEXC,
TEZNY,
TFCCF,
TFECF,
TFECY,
TFGL,
TFIFF,
TFRFF,
TFRY,
TFVR,
TGAFF,
TGASF,
TGCDF,
TGGFF,
TGGI,
TGICQ,
TGIFF,
TGLO,
TGLTY,
TGLVY,
TGNOF,
TGONF,
TGOPF,
TGOPY,
TGRF,
TGRGF,
TGRO,
TGRP,
TGRR,
TGRUF,
TGSGY,
TGSNF,
TGXSF,
THBIY,
THCBF,
THCT,
THDS,
THERF,
THKLY,
THLEF,
THLM,
THMG,
THMNY,
THNS,
THPHF,
THRPF,
THRR,
THTI,
THURF,
THVB,
THYCF,
THYCY,
TIAJF,
TIANF,
TIAOF,
TIDE,
TIGCF,
TIGE,
TIKRF,
TIMGF,
TIMNF,
TINLY,
TINO,
TINTF,
TIPNF,
TIPS,
TIRTZ,
TIRXD,
TISCF,
TISCY,
TISDZ,
TITAF,
TITCF,
TITUF,
TITXF,
TIXC,
TJIPF,
TKAGY,
TKAMY,
TKCBY,
TKCI,
TKECF,
TKECY,
TKFTF,
TKGBF,
TKGBY,
TKGSY,
TKHVY,
TKOI,
TKOMF,
TKOMY,
TKPHF,
TKPYY,
TKRFF,
TKSTF,
TKTDQ,
TKXHF,
TKYVY,
TLCO,
TLCVF,
TLDE,
TLED,
TLFX,
TLGHY,
TLGN,
TLGRF,
TLIF,
TLKGY,
TLKMF,
TLLEQ,
TLLGF,
TLLT,
TLLYF,
TLNUF,
TLOFF,
TLOG,
TLPC,
TLPFF,
TLPFY,
TLPY,
TLRS,
TLSNF,
TLSNY,
TLSRP,
TLSYY,
TLTFF,
TLTZY,
TLVA,
TMAK,
TMBBY,
TMBXF,
TMCGF,
TMCV,
TMEB,
TMED,
TMEN,
TMGEF,
TMGY,
TMIAF,
TMIBF,
TMICF,
TMICY,
TMKXY,
TMLVF,
TMMFF,
TMMI,
TMOAF,
TMOAY,
TMOL,
TMPHF,
TMPPF,
TMPS,
TMPSW,
TMRAF,
TMRAY,
TMRC,
TMSH,
TMSNY,
TMTNF,
TMXN,
TMXXF,
TNABF,
TNABY,
TNBI,
TNEN,
TNEYF,
TNGL,
TNGMF,
TNGNQ,
TNGS,
TNKE,
TNKY,
TNLX,
TNMLF,
TNPH,
TNREF,
TNRG,
TNRSF,
TNSB,
TNSGF,
TNSTF,
TNTFF,
TNTMF,
TNTY,
TNYBF,
TOAGF,
TODM,
TOELF,
TOELY,
TOFB,
TOGL,
TOGOF,
TOIPF,
TOIPY,
TOKTY,
TOKUF,
TOKUY,
TOLWF,
TOMDF,
TOMZ,
TONJ,
TONPF,
TONR,
TOOD,
TOPCF,
TOPPY,
TOPZ,
TORM,
TORSF,
TORVF,
TORW,
TORXF,
TORZ,
TOSBF,
TOSCF,
TOSYY,
TOTDF,
TOTDY,
TOTZF,
TOUMF,
TOWTF,
TOYOF,
TPAC,
TPCA,
TPCFF,
TPCS,
TPDKY,
TPIY,
TPLM,
TPNEF,
TPNI,
TPNL,
TPNTF,
TPRFF,
TPRP,
TPTW,
TQLA,
TRAC,
TRAE,
TRARF,
TRAUF,
TRBD,
TRBMF,
TRBO,
TRBX,
TRCK,
TRCLF,
TRCY,
TRDX,
TREP,
TREVF,
TRGGF,
TRGM,
TRGNF,
TRII,
TRIN,
TRITF,
TRKGD,
TRKK,
TRKNY,
TRKR,
TRKX,
TRLFF,
TRLI,
TRLPF,
TRMEF,
TRMLF,
TRMNF,
TRNLY,
TROIF,
TRON,
TROXG,
TROXW,
TRRE,
TRRFF,
TRRGF,
TRRI,
TRRSF,
TRRXF,
TRSI,
TRSSF,
TRSWF,
TRTC,
TRTI,
TRUA,
TRUHF,
TRUMF,
TRUMY,
TRUU,
TRUX,
TRVB,
TRVR,
TRWRF,
TRXD,
TRXO,
TRXXF,
TRYF,
TRYIF,
TRYIY,
TRYRF,
TSBA,
TSCC,
TSCDF,
TSCDY,
TSCEF,
TSCRF,
TSDRF,
TSGL,
TSGTF,
TSGTY,
TSGZF,
TSIHF,
TSIOF,
TSMI,
TSNP,
TSOI,
TSPG,
TSRMF,
TSRR,
TSRYF,
TSRYY,
TSSI,
TSSJF,
TSSLF,
TSSP,
TSTIF,
TSTS,
TSUKF,
TSUKY,
TSYHF,
TSYHY,
TSYI,
TTAPY,
TTCM,
TTCNF,
TTDKF,
TTDKY,
TTEN,
TTEXF,
TTFNF,
TTGPF,
TTHG,
TTLO,
TTLTF,
TTMZF,
TTNC,
TTNDF,
TTNDY,
TTNUF,
TTOBF,
TTPPF,
TTRAF,
TTRHF,
TTSI,
TTTM,
TTWN,
TTXP,
TTYP,
TUFBY,
TUIFF,
TUIFY,
TULLF,
TUMIF,
TUNG,
TURA,
TURV,
TUWLF,
TUWOY,
TUXS,
TVBCY,
TVER,
TVETF,
TVIAQ,
TVIPF,
TVLF,
TVMD,
TVNB,
TVOG,
TVPC,
TVPKF,
TVTV,
TWAC,
TWCF,
TWER,
TWGL,
TWIRF,
TWMIF,
TWMJF,
TWNAF,
TWNE,
TWOC,
TWODF,
TWODY,
TWOH,
TWSI,
TXCCQ,
TXGE,
TXHD,
TXHE,
TXHG,
TXHPF,
TXIC,
TXJK,
TXLZF,
TXMC,
TXSO,
TXTM,
TYBT,
TYCB,
TYEKF,
TYFG,
TYHJF,
TYIDF,
TYIDY,
TYOBY,
TYOYY,
TYPFF,
TYTMF,
TYTN,
TZLTF,
UABK,
UAHC,
UAMA,
UAMM,
UAPC,
UATG,
UBAAF,
UBAB,
UBEOY,
UBIA,
UBLI,
UBLXF,
UBMOF,
UBMRF,
UBNC,
UBQU,
UBRG,
UBSBF,
UBSFF,
UBSFY,
UBYH,
UCBB,
UCBJF,
UCBJY,
UCHC,
UCLE,
UCPA,
UCPLF,
UCRP,
UCSO,
UDFI,
UDHCF,
UDHI,
UDIRF,
UDTRF,
UECN,
UEEC,
UEHPF,
UEPEM,
UEPEN,
UEPEO,
UEPEP,
UEXCF,
UFMG,
UGDIF,
UGDM,
UGEIF,
UGHL,
UGNEQ,
UHLN,
UHOIF,
UIFC,
UILCF,
UITA,
ULGX,
ULNV,
ULTRF,
ULTXF,
ULUR,
UMAM,
UMAX,
UMBBF,
UMCN,
UMDXF,
UMEWF,
UMFG,
UMGP,
UMHL,
UMICF,
UMICY,
UMTAF,
UNBK,
UNBLF,
UNCFF,
UNCHF,
UNCRY,
UNDR,
UNDT,
UNEGF,
UNEQ,
UNGS,
UNIB,
UNICY,
UNIEF,
UNIF,
UNIR,
UNIV,
UNLA,
UNLNF,
UNLRF,
UNLRY,
UNLYF,
UNPA,
UNPRF,
UNRDY,
UNRG,
UNSI,
UNSS,
UNTN,
UNVC,
UNXLQ,
UOIP,
UOLGY,
UOLI,
UOMO,
UOVEF,
UOVEY,
UPCHY,
UPCO,
UPDC,
UPGI,
UPIN,
UPMKY,
UPNRF,
UPPR,
UPSN,
UPWT,
UPZS,
URAGF,
URANF,
URBDF,
URBF,
URBT,
URCFF,
UREQF,
URGYF,
URHG,
URHY,
URNAF,
URNXF,
URPTF,
URSL,
URVNF,
URZZF,
USAE,
USAM,
USAQ,
USBK,
USBL,
USCFF,
USCS,
USCZF,
USDF,
USEI,
USEL,
USGA,
USLG,
USMJ,
USMN,
USMT,
USNL,
USNU,
USNZY,
USPR,
USPS,
USRC,
USRI,
USRM,
USSHF,
USTC,
USTDF,
USTUD,
USWF,
UTGN,
UTGPF,
UTMR,
UTRK,
UTRX,
UUGRY,
UUGWF,
UURAF,
UVFT,
UVND,
UVRBF,
UVSE,
UVSS,
UWEFF,
UWHR,
UWKI,
UWRL,
UWTIF,
UZAPF,
VABB,
VABK,
VALGF,
VALV,
VANTF,
VAPE,
VAPI,
VAPR,
VASO,
VATE,
VBHLF,
VBIO,
VBTC,
VCBS,
VCIGF,
VCISF,
VCISY,
VCMG,
VCMMF,
VCOGF,
VCOR,
VCPS,
VCST,
VCSY,
VCTL,
VCTY,
VCVOF,
VDKB,
VDMCY,
VDMRF,
VDNRF,
VDOMF,
VDPH,
VDQSF,
VDRM,
VDTAF,
VEGL,
VEGPF,
VEGYF,
VEII,
VELTF,
VELXF,
VEND,
VEOEF,
VEOEY,
VERF,
VETTF,
VFDEF,
VFFIF,
VGCP,
VGEN,
VGGOF,
VGID,
VGLDF,
VGLS,
VGMIF,
VGMTF,
VGPR,
VGRBF,
VGTL,
VHUB,
VIAAY,
VIAP,
VIBI,
VICA,
VICI,
VICP,
VICT,
VIDA,
VIDE,
VIEMF,
VIEWF,
VIGC,
VIGLF,
VINO,
VINS,
VIPV,
VIRA,
VITFF,
VITOF,
VIVEF,
VIVHY,
VIVK,
VIZC,
VKIN,
VKSC,
VLCJF,
VLDI,
VLEEF,
VLEEY,
VLKAF,
VLKAY,
VLKPF,
VLKPY,
VLLX,
VLMGF,
VLMZF,
VLNX,
VLOUF,
VLOWY,
VLPNF,
VLPNY,
VLRDF,
VLTC,
VLUTF,
VLVLY,
VLXC,
VLXGF,
VMCI,
VMGI,
VMII,
VMNT,
VMRI,
VMSI,
VMTF,
VNCKF,
VNGDF,
VNLEF,
VNLPY,
VNMHF,
VNNHF,
VNNVF,
VNNYF,
VNORP,
VNRCF,
VNRDF,
VNRFY,
VNRR,
VNRRW,
VNRWW,
VNTA,
VNTH,
VNUE,
VNWTF,
VODG,
VODPF,
VOHO,
VOIL,
VOIS,
VOLAF,
VOLVF,
VONOY,
VOPKF,
VOPKY,
VOSSF,
VOYJF,
VOYRF,
VOYT,
VPER,
VPGI,
VPGLF,
VPLM,
VPOR,
VPRB,
VPRIF,
VPRO,
VPTDF,
VPTK,
VQSLF,
VRACF,
VRACY,
VRBCF,
VRBRF,
VRCI,
VRCM,
VRCV,
VRDR,
VRED,
VREYF,
VRME,
VRNDF,
VRRCF,
VRSCF,
VRSEF,
VRSSF,
VRSYF,
VRSZW,
VRTA,
VRTB,
VRTC,
VRTHF,
VRTT,
VRTY,
VRXWF,
VRZPF,
VSBN,
VSHC,
VSMD,
VSMR,
VSPC,
VSQTF,
VSRV,
VSST,
VSTR,
VSUL,
VSYM,
VSYS,
VTCCF,
VTEQ,
VTGBF,
VTGDF,
VTGGF,
VTKLF,
VTKLY,
VTLR,
VTMB,
VTNIF,
VTNL,
VTSI,
VTSYF,
VTXB,
VTXPF,
VULC,
VULMF,
VUME,
VUOC,
VVCVF,
VVDB,
VVDL,
VVIT,
VWDRY,
VWSYF,
VXEL,
VXLLF,
VYCO,
VYDR,
VYEY,
VYST,
WACLY,
WACMY,
WAKE,
WALK,
WANSF,
WARFF,
WARFY,
WARGF,
WARM,
WAWL,
WAXS,
WAYN,
WAYS,
WBBW,
WBRBY,
WBRE,
WBSI,
WBTMU,
WCAGY,
WCCP,
WCHNF,
WCIG,
WCOR,
WCRI,
WCRS,
WCTXF,
WCUI,
WCVC,
WCYN,
WDCRF,
WDDD,
WDDDD,
WDDMF,
WDFN,
WDGJF,
WDHR,
WDIS,
WDKA,
WDLF,
WDOFF,
WDRP,
WEBB,
WEBC,
WEBNF,
WECFF,
WECFY,
WECT,
WEDXF,
WEEEF,
WEFIF,
WEGOF,
WEGRY,
WEGYF,
WEGZY,
WEICY,
WEIGF,
WEIN,
WELPM,
WELPP,
WELX,
WENTF,
WEQL,
WERU,
WESC,
WEST,
WEYL,
WFAFF,
WFAFY,
WFCF,
WFCL,
WFGCF,
WFGPY,
WFMRF,
WFRSF,
WFSTF,
WFTBF,
WFTSF,
WGAS,
WGEE,
WGEI,
WGLCN,
WGLCO,
WGLCP,
WGMCF,
WGNR,
WGTB,
WHEN,
WHGLY,
WHGRF,
WHHT,
WHITF,
WHKA,
WHLKF,
WHLKY,
WHSI,
WHTGF,
WHYRF,
WHZT,
WILD,
WILLF,
WILYY,
WIMHF,
WIMHY,
WINT,
WIPKF,
WIRX,
WISH,
WIZD,
WIZP,
WJAFF,
WJRYY,
WJXFF,
WKCMF,
WKLDF,
WKRCF,
WLAN,
WLBMF,
WLDFF,
WLDVF,
WLFDY,
WLFFF,
WLGC,
WLKR,
WLLSF,
WLMIF,
WLMIY,
WLOLQ,
WLSI,
WLTGQ,
WLTNF,
WLUC,
WLWHY,
WLYW,
WMAC,
WMCB,
WMDH,
WMEG,
WMHI,
WMLLF,
WMMVF,
WMMVY,
WMNNF,
WMPN,
WMSI,
WMTM,
WMTN,
WMTND,
WNARF,
WNBD,
WNDLF,
WNDM,
WNDW,
WNGRF,
WNMLA,
WNRP,
WNTR,
WNWG,
WOFA,
WOGI,
WOIIF,
WOLV,
WOLWF,
WOPEF,
WOPEY,
WOSCF,
WOSSF,
WOWI,
WOWU,
WPCZF,
WPFH,
WPKS,
WPPGF,
WPTIF,
WPUR,
WPWR,
WQNI,
WQTEF,
WRCDF,
WRDLY,
WRETF,
WRFX,
WRGL,
WRIT,
WRPSF,
WRRZF,
WRTBF,
WRTBY,
WSCC,
WSCO,
WSCRF,
WSDMF,
WSFL,
WSGF,
WSGP,
WSHE,
WSML,
WSPOF,
WSRA,
WSSH,
WSTI,
WSTM,
WSTRF,
WTBCF,
WTBDY,
WTBFA,
WTBFB,
WTCG,
WTCHF,
WTER,
WTGRF,
WTHVF,
WTII,
WTIID,
WTKN,
WTKWY,
WTLC,
WTRNF,
WTRO,
WTSHF,
WTWB,
WTXR,
WUHN,
WVVEF,
WWCC,
WWII,
WWIO,
WWNTF,
WWNTY,
WWPW,
WWSG,
WWST,
WWTH,
WXMN,
WXXWY,
WYGPF,
WYGPY,
WYNMF,
WYNMY,
WZENY,
WZZAF,
XAARF,
XANAF,
XAUMF,
XBOR,
XCLK,
XCLL,
XCOMQ,
XCOOQ,
XCPL,
XCRP,
XCTGF,
XDSL,
XEBEF,
XELAW,
XFLS,
XFTB,
XGEN,
XHUA,
XJNGF,
XLEFF,
XLGLF,
XLIT,
XLMDF,
XLPI,
XLRM,
XMET,
XMEX,
XMTIF,
XMTTF,
XNGIF,
XNGSF,
XNGSY,
XNNHQ,
XNWU,
XPLT,
XPPLF,
XREE,
XREG,
XRELF,
XRESF,
XROLF,
XSNX,
XSPY,
XTGRF,
XTMCF,
XTNTW,
XTNY,
XTPEF,
XTPT,
XTRM,
XTRN,
XTRRF,
XVIPF,
XXFPL,
XXMMD,
XXMMF,
XYIGF,
XYIGY,
XYLTF,
XYNH,
XZJBF,
YACAF,
YAHOF,
YAHOY,
YAMCF,
YAMCY,
YAMHF,
YARIY,
YASKF,
YASKY,
YATRY,
YBAO,
YBIN,
YDRMF,
YEVN,
YEWB,
YEWTF,
YGRAF,
YIHG,
YIPCF,
YIPI,
YITD,
YITYF,
YKLTY,
YLDGY,
YLWDF,
YLWWF,
YMAIF,
YMDAF,
YNAJF,
YNGFF,
YOKEY,
YOOIF,
YORUY,
YOSN,
YPPN,
YRAIF,
YRBAF,
YRKB,
YRLLF,
YSTR,
YSYB,
YTRGF,
YTROF,
YUANF,
YUEIF,
YUEIY,
YUII,
YWRLF,
YXOXF,
YXOXY,
YZCAY,
YZCHF,
ZAAP,
ZADDF,
ZAPNF,
ZARFF,
ZAZA,
ZCLCF,
ZCOM,
ZCRMF,
ZDEC,
ZDEXF,
ZDGGF,
ZDPY,
ZENG,
ZENO,
ZENYF,
ZEON,
ZEST,
ZFSVF,
ZGSI,
ZHDM,
ZHUD,
ZICX,
ZIJMF,
ZIJMY,
ZIPL,
ZIVO,
ZKBGF,
ZKBHF,
ZKBSF,
ZLDAF,
ZLDPF,
ZLDSF,
ZLNDY,
ZLPSF,
ZMDC,
ZMMDF,
ZMRK,
ZMSPF,
ZMTP,
ZMWYF,
ZNAE,
ZNCM,
ZNDX,
ZNGY,
ZNKKY,
ZNNC,
ZNNMF,
ZNRG,
ZNTR,
ZNZNF,
ZODFY,
ZONX,
ZOOM,
ZPAS,
ZPCM,
ZPHYF,
ZPTAF,
ZRMG,
ZRSCF,
ZRVT,
ZSILF,
ZSTN,
ZTCOF,
ZTCOY,
ZTMUF,
ZULU,
ZUMRF,
ZURVY,
ZVLO,
ZYTO,
ZYXI,
ZZLL,
ZZZOF